"ID_GRANDE_PREMIO","ANO_TEMPORADA","NM_GRANDE_PREMIO","DT_GRANDE_PREMIO","NM_CIRCUITO","LOCALIDADE_CIRCUITO","PAIS_CIRCUITO"
1,2009,"Australian Grand Prix","2009-03-29","Albert Park Grand Prix Circuit","Melbourne","Australia"
2,2009,"Malaysian Grand Prix","2009-04-05","Sepang International Circuit","Kuala Lumpur","Malaysia"
3,2009,"Chinese Grand Prix","2009-04-19","Shanghai International Circuit","Shanghai","China"
4,2009,"Bahrain Grand Prix","2009-04-26","Bahrain International Circuit","Sakhir","Bahrain"
5,2009,"Spanish Grand Prix","2009-05-10","Circuit de Barcelona-Catalunya","Montmeló","Spain"
6,2009,"Monaco Grand Prix","2009-05-24","Circuit de Monaco","Monte-Carlo","Monaco"
7,2009,"Turkish Grand Prix","2009-06-07","Istanbul Park","Istanbul","Turkey"
8,2009,"British Grand Prix","2009-06-21","Silverstone Circuit","Silverstone","UK"
9,2009,"German Grand Prix","2009-07-12","Nürburgring","Nürburg","Germany"
10,2009,"Hungarian Grand Prix","2009-07-26","Hungaroring","Budapest","Hungary"
11,2009,"European Grand Prix","2009-08-23","Valencia Street Circuit","Valencia","Spain"
12,2009,"Belgian Grand Prix","2009-08-30","Circuit de Spa-Francorchamps","Spa","Belgium"
13,2009,"Italian Grand Prix","2009-09-13","Autodromo Nazionale di Monza","Monza","Italy"
14,2009,"Singapore Grand Prix","2009-09-27","Marina Bay Street Circuit","Marina Bay","Singapore"
15,2009,"Japanese Grand Prix","2009-10-04","Suzuka Circuit","Suzuka","Japan"
16,2009,"Brazilian Grand Prix","2009-10-18","Autódromo José Carlos Pace","São Paulo","Brazil"
17,2009,"Abu Dhabi Grand Prix","2009-11-01","Yas Marina Circuit","Abu Dhabi","UAE"
18,2008,"Australian Grand Prix","2008-03-16","Albert Park Grand Prix Circuit","Melbourne","Australia"
19,2008,"Malaysian Grand Prix","2008-03-23","Sepang International Circuit","Kuala Lumpur","Malaysia"
20,2008,"Bahrain Grand Prix","2008-04-06","Bahrain International Circuit","Sakhir","Bahrain"
21,2008,"Spanish Grand Prix","2008-04-27","Circuit de Barcelona-Catalunya","Montmeló","Spain"
22,2008,"Turkish Grand Prix","2008-05-11","Istanbul Park","Istanbul","Turkey"
23,2008,"Monaco Grand Prix","2008-05-25","Circuit de Monaco","Monte-Carlo","Monaco"
24,2008,"Canadian Grand Prix","2008-06-08","Circuit Gilles Villeneuve","Montreal","Canada"
25,2008,"French Grand Prix","2008-06-22","Circuit de Nevers Magny-Cours","Magny Cours","France"
26,2008,"British Grand Prix","2008-07-06","Silverstone Circuit","Silverstone","UK"
27,2008,"German Grand Prix","2008-07-20","Hockenheimring","Hockenheim","Germany"
28,2008,"Hungarian Grand Prix","2008-08-03","Hungaroring","Budapest","Hungary"
29,2008,"European Grand Prix","2008-08-24","Valencia Street Circuit","Valencia","Spain"
30,2008,"Belgian Grand Prix","2008-09-07","Circuit de Spa-Francorchamps","Spa","Belgium"
31,2008,"Italian Grand Prix","2008-09-14","Autodromo Nazionale di Monza","Monza","Italy"
32,2008,"Singapore Grand Prix","2008-09-28","Marina Bay Street Circuit","Marina Bay","Singapore"
33,2008,"Japanese Grand Prix","2008-10-12","Fuji Speedway","Oyama","Japan"
34,2008,"Chinese Grand Prix","2008-10-19","Shanghai International Circuit","Shanghai","China"
35,2008,"Brazilian Grand Prix","2008-11-02","Autódromo José Carlos Pace","São Paulo","Brazil"
36,2007,"Australian Grand Prix","2007-03-18","Albert Park Grand Prix Circuit","Melbourne","Australia"
37,2007,"Malaysian Grand Prix","2007-04-08","Sepang International Circuit","Kuala Lumpur","Malaysia"
38,2007,"Bahrain Grand Prix","2007-04-15","Bahrain International Circuit","Sakhir","Bahrain"
39,2007,"Spanish Grand Prix","2007-05-13","Circuit de Barcelona-Catalunya","Montmeló","Spain"
40,2007,"Monaco Grand Prix","2007-05-27","Circuit de Monaco","Monte-Carlo","Monaco"
41,2007,"Canadian Grand Prix","2007-06-10","Circuit Gilles Villeneuve","Montreal","Canada"
42,2007,"United States Grand Prix","2007-06-17","Indianapolis Motor Speedway","Indianapolis","USA"
43,2007,"French Grand Prix","2007-07-01","Circuit de Nevers Magny-Cours","Magny Cours","France"
44,2007,"British Grand Prix","2007-07-08","Silverstone Circuit","Silverstone","UK"
45,2007,"European Grand Prix","2007-07-22","Nürburgring","Nürburg","Germany"
46,2007,"Hungarian Grand Prix","2007-08-05","Hungaroring","Budapest","Hungary"
47,2007,"Turkish Grand Prix","2007-08-26","Istanbul Park","Istanbul","Turkey"
48,2007,"Italian Grand Prix","2007-09-09","Autodromo Nazionale di Monza","Monza","Italy"
49,2007,"Belgian Grand Prix","2007-09-16","Circuit de Spa-Francorchamps","Spa","Belgium"
50,2007,"Japanese Grand Prix","2007-09-30","Fuji Speedway","Oyama","Japan"
51,2007,"Chinese Grand Prix","2007-10-07","Shanghai International Circuit","Shanghai","China"
52,2007,"Brazilian Grand Prix","2007-10-21","Autódromo José Carlos Pace","São Paulo","Brazil"
53,2006,"Bahrain Grand Prix","2006-03-12","Bahrain International Circuit","Sakhir","Bahrain"
54,2006,"Malaysian Grand Prix","2006-03-19","Sepang International Circuit","Kuala Lumpur","Malaysia"
55,2006,"Australian Grand Prix","2006-04-02","Albert Park Grand Prix Circuit","Melbourne","Australia"
56,2006,"San Marino Grand Prix","2006-04-23","Autodromo Enzo e Dino Ferrari","Imola","Italy"
57,2006,"European Grand Prix","2006-05-07","Nürburgring","Nürburg","Germany"
58,2006,"Spanish Grand Prix","2006-05-14","Circuit de Barcelona-Catalunya","Montmeló","Spain"
59,2006,"Monaco Grand Prix","2006-05-28","Circuit de Monaco","Monte-Carlo","Monaco"
60,2006,"British Grand Prix","2006-06-11","Silverstone Circuit","Silverstone","UK"
61,2006,"Canadian Grand Prix","2006-06-25","Circuit Gilles Villeneuve","Montreal","Canada"
62,2006,"United States Grand Prix","2006-07-02","Indianapolis Motor Speedway","Indianapolis","USA"
63,2006,"French Grand Prix","2006-07-16","Circuit de Nevers Magny-Cours","Magny Cours","France"
64,2006,"German Grand Prix","2006-07-30","Hockenheimring","Hockenheim","Germany"
65,2006,"Hungarian Grand Prix","2006-08-06","Hungaroring","Budapest","Hungary"
66,2006,"Turkish Grand Prix","2006-08-27","Istanbul Park","Istanbul","Turkey"
67,2006,"Italian Grand Prix","2006-09-10","Autodromo Nazionale di Monza","Monza","Italy"
68,2006,"Chinese Grand Prix","2006-10-01","Shanghai International Circuit","Shanghai","China"
69,2006,"Japanese Grand Prix","2006-10-08","Suzuka Circuit","Suzuka","Japan"
70,2006,"Brazilian Grand Prix","2006-10-22","Autódromo José Carlos Pace","São Paulo","Brazil"
71,2005,"Australian Grand Prix","2005-03-06","Albert Park Grand Prix Circuit","Melbourne","Australia"
72,2005,"Malaysian Grand Prix","2005-03-20","Sepang International Circuit","Kuala Lumpur","Malaysia"
73,2005,"Bahrain Grand Prix","2005-04-03","Bahrain International Circuit","Sakhir","Bahrain"
74,2005,"San Marino Grand Prix","2005-04-24","Autodromo Enzo e Dino Ferrari","Imola","Italy"
75,2005,"Spanish Grand Prix","2005-05-08","Circuit de Barcelona-Catalunya","Montmeló","Spain"
76,2005,"Monaco Grand Prix","2005-05-22","Circuit de Monaco","Monte-Carlo","Monaco"
77,2005,"European Grand Prix","2005-05-29","Nürburgring","Nürburg","Germany"
78,2005,"Canadian Grand Prix","2005-06-12","Circuit Gilles Villeneuve","Montreal","Canada"
79,2005,"United States Grand Prix","2005-06-19","Indianapolis Motor Speedway","Indianapolis","USA"
80,2005,"French Grand Prix","2005-07-03","Circuit de Nevers Magny-Cours","Magny Cours","France"
81,2005,"British Grand Prix","2005-07-10","Silverstone Circuit","Silverstone","UK"
82,2005,"German Grand Prix","2005-07-24","Hockenheimring","Hockenheim","Germany"
83,2005,"Hungarian Grand Prix","2005-07-31","Hungaroring","Budapest","Hungary"
84,2005,"Turkish Grand Prix","2005-08-21","Istanbul Park","Istanbul","Turkey"
85,2005,"Italian Grand Prix","2005-09-04","Autodromo Nazionale di Monza","Monza","Italy"
86,2005,"Belgian Grand Prix","2005-09-11","Circuit de Spa-Francorchamps","Spa","Belgium"
87,2005,"Brazilian Grand Prix","2005-09-25","Autódromo José Carlos Pace","São Paulo","Brazil"
88,2005,"Japanese Grand Prix","2005-10-09","Suzuka Circuit","Suzuka","Japan"
89,2005,"Chinese Grand Prix","2005-10-16","Shanghai International Circuit","Shanghai","China"
90,2004,"Australian Grand Prix","2004-03-07","Albert Park Grand Prix Circuit","Melbourne","Australia"
91,2004,"Malaysian Grand Prix","2004-03-21","Sepang International Circuit","Kuala Lumpur","Malaysia"
92,2004,"Bahrain Grand Prix","2004-04-04","Bahrain International Circuit","Sakhir","Bahrain"
93,2004,"San Marino Grand Prix","2004-04-25","Autodromo Enzo e Dino Ferrari","Imola","Italy"
94,2004,"Spanish Grand Prix","2004-05-09","Circuit de Barcelona-Catalunya","Montmeló","Spain"
95,2004,"Monaco Grand Prix","2004-05-23","Circuit de Monaco","Monte-Carlo","Monaco"
96,2004,"European Grand Prix","2004-05-30","Nürburgring","Nürburg","Germany"
97,2004,"Canadian Grand Prix","2004-06-13","Circuit Gilles Villeneuve","Montreal","Canada"
98,2004,"United States Grand Prix","2004-06-20","Indianapolis Motor Speedway","Indianapolis","USA"
99,2004,"French Grand Prix","2004-07-04","Circuit de Nevers Magny-Cours","Magny Cours","France"
100,2004,"British Grand Prix","2004-07-11","Silverstone Circuit","Silverstone","UK"
101,2004,"German Grand Prix","2004-07-25","Hockenheimring","Hockenheim","Germany"
102,2004,"Hungarian Grand Prix","2004-08-15","Hungaroring","Budapest","Hungary"
103,2004,"Belgian Grand Prix","2004-08-29","Circuit de Spa-Francorchamps","Spa","Belgium"
104,2004,"Italian Grand Prix","2004-09-12","Autodromo Nazionale di Monza","Monza","Italy"
105,2004,"Chinese Grand Prix","2004-09-26","Shanghai International Circuit","Shanghai","China"
106,2004,"Japanese Grand Prix","2004-10-10","Suzuka Circuit","Suzuka","Japan"
107,2004,"Brazilian Grand Prix","2004-10-24","Autódromo José Carlos Pace","São Paulo","Brazil"
108,2003,"Australian Grand Prix","2003-03-09","Albert Park Grand Prix Circuit","Melbourne","Australia"
109,2003,"Malaysian Grand Prix","2003-03-23","Sepang International Circuit","Kuala Lumpur","Malaysia"
110,2003,"Brazilian Grand Prix","2003-04-06","Autódromo José Carlos Pace","São Paulo","Brazil"
111,2003,"San Marino Grand Prix","2003-04-20","Autodromo Enzo e Dino Ferrari","Imola","Italy"
112,2003,"Spanish Grand Prix","2003-05-04","Circuit de Barcelona-Catalunya","Montmeló","Spain"
113,2003,"Austrian Grand Prix","2003-05-18","A1-Ring","Spielburg","Austria"
114,2003,"Monaco Grand Prix","2003-06-01","Circuit de Monaco","Monte-Carlo","Monaco"
115,2003,"Canadian Grand Prix","2003-06-15","Circuit Gilles Villeneuve","Montreal","Canada"
116,2003,"European Grand Prix","2003-06-29","Nürburgring","Nürburg","Germany"
117,2003,"French Grand Prix","2003-07-06","Circuit de Nevers Magny-Cours","Magny Cours","France"
118,2003,"British Grand Prix","2003-07-20","Silverstone Circuit","Silverstone","UK"
119,2003,"German Grand Prix","2003-08-03","Hockenheimring","Hockenheim","Germany"
120,2003,"Hungarian Grand Prix","2003-08-24","Hungaroring","Budapest","Hungary"
121,2003,"Italian Grand Prix","2003-09-14","Autodromo Nazionale di Monza","Monza","Italy"
122,2003,"United States Grand Prix","2003-09-28","Indianapolis Motor Speedway","Indianapolis","USA"
123,2003,"Japanese Grand Prix","2003-10-12","Suzuka Circuit","Suzuka","Japan"
124,2002,"Australian Grand Prix","2002-03-03","Albert Park Grand Prix Circuit","Melbourne","Australia"
125,2002,"Malaysian Grand Prix","2002-03-17","Sepang International Circuit","Kuala Lumpur","Malaysia"
126,2002,"Brazilian Grand Prix","2002-03-31","Autódromo José Carlos Pace","São Paulo","Brazil"
127,2002,"San Marino Grand Prix","2002-04-14","Autodromo Enzo e Dino Ferrari","Imola","Italy"
128,2002,"Spanish Grand Prix","2002-04-28","Circuit de Barcelona-Catalunya","Montmeló","Spain"
129,2002,"Austrian Grand Prix","2002-05-12","A1-Ring","Spielburg","Austria"
130,2002,"Monaco Grand Prix","2002-05-26","Circuit de Monaco","Monte-Carlo","Monaco"
131,2002,"Canadian Grand Prix","2002-06-09","Circuit Gilles Villeneuve","Montreal","Canada"
132,2002,"European Grand Prix","2002-06-23","Nürburgring","Nürburg","Germany"
133,2002,"British Grand Prix","2002-07-07","Silverstone Circuit","Silverstone","UK"
134,2002,"French Grand Prix","2002-07-21","Circuit de Nevers Magny-Cours","Magny Cours","France"
135,2002,"German Grand Prix","2002-07-28","Hockenheimring","Hockenheim","Germany"
136,2002,"Hungarian Grand Prix","2002-08-18","Hungaroring","Budapest","Hungary"
137,2002,"Belgian Grand Prix","2002-09-01","Circuit de Spa-Francorchamps","Spa","Belgium"
138,2002,"Italian Grand Prix","2002-09-15","Autodromo Nazionale di Monza","Monza","Italy"
139,2002,"United States Grand Prix","2002-09-29","Indianapolis Motor Speedway","Indianapolis","USA"
140,2002,"Japanese Grand Prix","2002-10-13","Suzuka Circuit","Suzuka","Japan"
141,2001,"Australian Grand Prix","2001-03-04","Albert Park Grand Prix Circuit","Melbourne","Australia"
142,2001,"Malaysian Grand Prix","2001-03-18","Sepang International Circuit","Kuala Lumpur","Malaysia"
143,2001,"Brazilian Grand Prix","2001-04-01","Autódromo José Carlos Pace","São Paulo","Brazil"
144,2001,"San Marino Grand Prix","2001-04-15","Autodromo Enzo e Dino Ferrari","Imola","Italy"
145,2001,"Spanish Grand Prix","2001-04-29","Circuit de Barcelona-Catalunya","Montmeló","Spain"
146,2001,"Austrian Grand Prix","2001-05-13","A1-Ring","Spielburg","Austria"
147,2001,"Monaco Grand Prix","2001-05-27","Circuit de Monaco","Monte-Carlo","Monaco"
148,2001,"Canadian Grand Prix","2001-06-10","Circuit Gilles Villeneuve","Montreal","Canada"
149,2001,"European Grand Prix","2001-06-24","Nürburgring","Nürburg","Germany"
150,2001,"French Grand Prix","2001-07-01","Circuit de Nevers Magny-Cours","Magny Cours","France"
151,2001,"British Grand Prix","2001-07-15","Silverstone Circuit","Silverstone","UK"
152,2001,"German Grand Prix","2001-07-29","Hockenheimring","Hockenheim","Germany"
153,2001,"Hungarian Grand Prix","2001-08-19","Hungaroring","Budapest","Hungary"
154,2001,"Belgian Grand Prix","2001-09-02","Circuit de Spa-Francorchamps","Spa","Belgium"
155,2001,"Italian Grand Prix","2001-09-16","Autodromo Nazionale di Monza","Monza","Italy"
156,2001,"United States Grand Prix","2001-09-30","Indianapolis Motor Speedway","Indianapolis","USA"
157,2001,"Japanese Grand Prix","2001-10-14","Suzuka Circuit","Suzuka","Japan"
158,2000,"Australian Grand Prix","2000-03-12","Albert Park Grand Prix Circuit","Melbourne","Australia"
159,2000,"Brazilian Grand Prix","2000-03-26","Autódromo José Carlos Pace","São Paulo","Brazil"
160,2000,"San Marino Grand Prix","2000-04-09","Autodromo Enzo e Dino Ferrari","Imola","Italy"
161,2000,"British Grand Prix","2000-04-23","Silverstone Circuit","Silverstone","UK"
162,2000,"Spanish Grand Prix","2000-05-07","Circuit de Barcelona-Catalunya","Montmeló","Spain"
163,2000,"European Grand Prix","2000-05-21","Nürburgring","Nürburg","Germany"
164,2000,"Monaco Grand Prix","2000-06-04","Circuit de Monaco","Monte-Carlo","Monaco"
165,2000,"Canadian Grand Prix","2000-06-18","Circuit Gilles Villeneuve","Montreal","Canada"
166,2000,"French Grand Prix","2000-07-02","Circuit de Nevers Magny-Cours","Magny Cours","France"
167,2000,"Austrian Grand Prix","2000-07-16","A1-Ring","Spielburg","Austria"
168,2000,"German Grand Prix","2000-07-30","Hockenheimring","Hockenheim","Germany"
169,2000,"Hungarian Grand Prix","2000-08-13","Hungaroring","Budapest","Hungary"
170,2000,"Belgian Grand Prix","2000-08-27","Circuit de Spa-Francorchamps","Spa","Belgium"
171,2000,"Italian Grand Prix","2000-09-10","Autodromo Nazionale di Monza","Monza","Italy"
172,2000,"United States Grand Prix","2000-09-24","Indianapolis Motor Speedway","Indianapolis","USA"
173,2000,"Japanese Grand Prix","2000-10-08","Suzuka Circuit","Suzuka","Japan"
174,2000,"Malaysian Grand Prix","2000-10-22","Sepang International Circuit","Kuala Lumpur","Malaysia"
175,1999,"Australian Grand Prix","1999-03-07","Albert Park Grand Prix Circuit","Melbourne","Australia"
176,1999,"Brazilian Grand Prix","1999-04-11","Autódromo José Carlos Pace","São Paulo","Brazil"
177,1999,"San Marino Grand Prix","1999-05-02","Autodromo Enzo e Dino Ferrari","Imola","Italy"
178,1999,"Monaco Grand Prix","1999-05-16","Circuit de Monaco","Monte-Carlo","Monaco"
179,1999,"Spanish Grand Prix","1999-05-30","Circuit de Barcelona-Catalunya","Montmeló","Spain"
180,1999,"Canadian Grand Prix","1999-06-13","Circuit Gilles Villeneuve","Montreal","Canada"
181,1999,"French Grand Prix","1999-06-27","Circuit de Nevers Magny-Cours","Magny Cours","France"
182,1999,"British Grand Prix","1999-07-11","Silverstone Circuit","Silverstone","UK"
183,1999,"Austrian Grand Prix","1999-07-25","A1-Ring","Spielburg","Austria"
184,1999,"German Grand Prix","1999-08-01","Hockenheimring","Hockenheim","Germany"
185,1999,"Hungarian Grand Prix","1999-08-15","Hungaroring","Budapest","Hungary"
186,1999,"Belgian Grand Prix","1999-08-29","Circuit de Spa-Francorchamps","Spa","Belgium"
187,1999,"Italian Grand Prix","1999-09-12","Autodromo Nazionale di Monza","Monza","Italy"
188,1999,"European Grand Prix","1999-09-26","Nürburgring","Nürburg","Germany"
189,1999,"Malaysian Grand Prix","1999-10-17","Sepang International Circuit","Kuala Lumpur","Malaysia"
190,1999,"Japanese Grand Prix","1999-10-31","Suzuka Circuit","Suzuka","Japan"
191,1998,"Australian Grand Prix","1998-03-08","Albert Park Grand Prix Circuit","Melbourne","Australia"
192,1998,"Brazilian Grand Prix","1998-03-29","Autódromo José Carlos Pace","São Paulo","Brazil"
193,1998,"Argentine Grand Prix","1998-04-12","Autódromo Juan y Oscar Gálvez","Buenos Aires","Argentina"
194,1998,"San Marino Grand Prix","1998-04-26","Autodromo Enzo e Dino Ferrari","Imola","Italy"
195,1998,"Spanish Grand Prix","1998-05-10","Circuit de Barcelona-Catalunya","Montmeló","Spain"
196,1998,"Monaco Grand Prix","1998-05-24","Circuit de Monaco","Monte-Carlo","Monaco"
197,1998,"Canadian Grand Prix","1998-06-07","Circuit Gilles Villeneuve","Montreal","Canada"
198,1998,"French Grand Prix","1998-06-28","Circuit de Nevers Magny-Cours","Magny Cours","France"
199,1998,"British Grand Prix","1998-07-12","Silverstone Circuit","Silverstone","UK"
200,1998,"Austrian Grand Prix","1998-07-26","A1-Ring","Spielburg","Austria"
201,1998,"German Grand Prix","1998-08-02","Hockenheimring","Hockenheim","Germany"
202,1998,"Hungarian Grand Prix","1998-08-16","Hungaroring","Budapest","Hungary"
203,1998,"Belgian Grand Prix","1998-08-30","Circuit de Spa-Francorchamps","Spa","Belgium"
204,1998,"Italian Grand Prix","1998-09-13","Autodromo Nazionale di Monza","Monza","Italy"
205,1998,"Luxembourg Grand Prix","1998-09-27","Nürburgring","Nürburg","Germany"
206,1998,"Japanese Grand Prix","1998-11-01","Suzuka Circuit","Suzuka","Japan"
207,1997,"Australian Grand Prix","1997-03-09","Albert Park Grand Prix Circuit","Melbourne","Australia"
208,1997,"Brazilian Grand Prix","1997-03-30","Autódromo José Carlos Pace","São Paulo","Brazil"
209,1997,"Argentine Grand Prix","1997-04-13","Autódromo Juan y Oscar Gálvez","Buenos Aires","Argentina"
210,1997,"San Marino Grand Prix","1997-04-27","Autodromo Enzo e Dino Ferrari","Imola","Italy"
211,1997,"Monaco Grand Prix","1997-05-11","Circuit de Monaco","Monte-Carlo","Monaco"
212,1997,"Spanish Grand Prix","1997-05-25","Circuit de Barcelona-Catalunya","Montmeló","Spain"
213,1997,"Canadian Grand Prix","1997-06-15","Circuit Gilles Villeneuve","Montreal","Canada"
214,1997,"French Grand Prix","1997-06-29","Circuit de Nevers Magny-Cours","Magny Cours","France"
215,1997,"British Grand Prix","1997-07-13","Silverstone Circuit","Silverstone","UK"
216,1997,"German Grand Prix","1997-07-27","Hockenheimring","Hockenheim","Germany"
217,1997,"Hungarian Grand Prix","1997-08-10","Hungaroring","Budapest","Hungary"
218,1997,"Belgian Grand Prix","1997-08-24","Circuit de Spa-Francorchamps","Spa","Belgium"
219,1997,"Italian Grand Prix","1997-09-07","Autodromo Nazionale di Monza","Monza","Italy"
220,1997,"Austrian Grand Prix","1997-09-21","A1-Ring","Spielburg","Austria"
221,1997,"Luxembourg Grand Prix","1997-09-28","Nürburgring","Nürburg","Germany"
222,1997,"Japanese Grand Prix","1997-10-12","Suzuka Circuit","Suzuka","Japan"
223,1997,"European Grand Prix","1997-10-26","Circuito de Jerez","Jerez de la Frontera","Spain"
224,1996,"Australian Grand Prix","1996-03-10","Albert Park Grand Prix Circuit","Melbourne","Australia"
225,1996,"Brazilian Grand Prix","1996-03-31","Autódromo José Carlos Pace","São Paulo","Brazil"
226,1996,"Argentine Grand Prix","1996-04-07","Autódromo Juan y Oscar Gálvez","Buenos Aires","Argentina"
227,1996,"European Grand Prix","1996-04-28","Nürburgring","Nürburg","Germany"
228,1996,"San Marino Grand Prix","1996-05-05","Autodromo Enzo e Dino Ferrari","Imola","Italy"
229,1996,"Monaco Grand Prix","1996-05-19","Circuit de Monaco","Monte-Carlo","Monaco"
230,1996,"Spanish Grand Prix","1996-06-02","Circuit de Barcelona-Catalunya","Montmeló","Spain"
231,1996,"Canadian Grand Prix","1996-06-16","Circuit Gilles Villeneuve","Montreal","Canada"
232,1996,"French Grand Prix","1996-06-30","Circuit de Nevers Magny-Cours","Magny Cours","France"
233,1996,"British Grand Prix","1996-07-14","Silverstone Circuit","Silverstone","UK"
234,1996,"German Grand Prix","1996-07-28","Hockenheimring","Hockenheim","Germany"
235,1996,"Hungarian Grand Prix","1996-08-11","Hungaroring","Budapest","Hungary"
236,1996,"Belgian Grand Prix","1996-08-25","Circuit de Spa-Francorchamps","Spa","Belgium"
237,1996,"Italian Grand Prix","1996-09-08","Autodromo Nazionale di Monza","Monza","Italy"
238,1996,"Portuguese Grand Prix","1996-09-22","Autódromo do Estoril","Estoril","Portugal"
239,1996,"Japanese Grand Prix","1996-10-13","Suzuka Circuit","Suzuka","Japan"
240,1995,"Brazilian Grand Prix","1995-03-26","Autódromo José Carlos Pace","São Paulo","Brazil"
241,1995,"Argentine Grand Prix","1995-04-09","Autódromo Juan y Oscar Gálvez","Buenos Aires","Argentina"
242,1995,"San Marino Grand Prix","1995-04-30","Autodromo Enzo e Dino Ferrari","Imola","Italy"
243,1995,"Spanish Grand Prix","1995-05-14","Circuit de Barcelona-Catalunya","Montmeló","Spain"
244,1995,"Monaco Grand Prix","1995-05-28","Circuit de Monaco","Monte-Carlo","Monaco"
245,1995,"Canadian Grand Prix","1995-06-11","Circuit Gilles Villeneuve","Montreal","Canada"
246,1995,"French Grand Prix","1995-07-02","Circuit de Nevers Magny-Cours","Magny Cours","France"
247,1995,"British Grand Prix","1995-07-16","Silverstone Circuit","Silverstone","UK"
248,1995,"German Grand Prix","1995-07-30","Hockenheimring","Hockenheim","Germany"
249,1995,"Hungarian Grand Prix","1995-08-13","Hungaroring","Budapest","Hungary"
250,1995,"Belgian Grand Prix","1995-08-27","Circuit de Spa-Francorchamps","Spa","Belgium"
251,1995,"Italian Grand Prix","1995-09-10","Autodromo Nazionale di Monza","Monza","Italy"
252,1995,"Portuguese Grand Prix","1995-09-24","Autódromo do Estoril","Estoril","Portugal"
253,1995,"European Grand Prix","1995-10-01","Nürburgring","Nürburg","Germany"
254,1995,"Pacific Grand Prix","1995-10-22","Okayama International Circuit","Okayama","Japan"
255,1995,"Japanese Grand Prix","1995-10-29","Suzuka Circuit","Suzuka","Japan"
256,1995,"Australian Grand Prix","1995-11-12","Adelaide Street Circuit","Adelaide","Australia"
257,1994,"Brazilian Grand Prix","1994-03-27","Autódromo José Carlos Pace","São Paulo","Brazil"
258,1994,"Pacific Grand Prix","1994-04-17","Okayama International Circuit","Okayama","Japan"
259,1994,"San Marino Grand Prix","1994-05-01","Autodromo Enzo e Dino Ferrari","Imola","Italy"
260,1994,"Monaco Grand Prix","1994-05-15","Circuit de Monaco","Monte-Carlo","Monaco"
261,1994,"Spanish Grand Prix","1994-05-29","Circuit de Barcelona-Catalunya","Montmeló","Spain"
262,1994,"Canadian Grand Prix","1994-06-12","Circuit Gilles Villeneuve","Montreal","Canada"
263,1994,"French Grand Prix","1994-07-03","Circuit de Nevers Magny-Cours","Magny Cours","France"
264,1994,"British Grand Prix","1994-07-10","Silverstone Circuit","Silverstone","UK"
265,1994,"German Grand Prix","1994-07-31","Hockenheimring","Hockenheim","Germany"
266,1994,"Hungarian Grand Prix","1994-08-14","Hungaroring","Budapest","Hungary"
267,1994,"Belgian Grand Prix","1994-08-28","Circuit de Spa-Francorchamps","Spa","Belgium"
268,1994,"Italian Grand Prix","1994-09-11","Autodromo Nazionale di Monza","Monza","Italy"
269,1994,"Portuguese Grand Prix","1994-09-25","Autódromo do Estoril","Estoril","Portugal"
270,1994,"European Grand Prix","1994-10-16","Circuito de Jerez","Jerez de la Frontera","Spain"
271,1994,"Japanese Grand Prix","1994-11-06","Suzuka Circuit","Suzuka","Japan"
272,1994,"Australian Grand Prix","1994-11-13","Adelaide Street Circuit","Adelaide","Australia"
273,1993,"South African Grand Prix","1993-03-14","Kyalami","Midrand","South Africa"
274,1993,"Brazilian Grand Prix","1993-03-28","Autódromo José Carlos Pace","São Paulo","Brazil"
275,1993,"European Grand Prix","1993-04-11","Donington Park","Castle Donington","UK"
276,1993,"San Marino Grand Prix","1993-04-25","Autodromo Enzo e Dino Ferrari","Imola","Italy"
277,1993,"Spanish Grand Prix","1993-05-09","Circuit de Barcelona-Catalunya","Montmeló","Spain"
278,1993,"Monaco Grand Prix","1993-05-23","Circuit de Monaco","Monte-Carlo","Monaco"
279,1993,"Canadian Grand Prix","1993-06-13","Circuit Gilles Villeneuve","Montreal","Canada"
280,1993,"French Grand Prix","1993-07-04","Circuit de Nevers Magny-Cours","Magny Cours","France"
281,1993,"British Grand Prix","1993-07-11","Silverstone Circuit","Silverstone","UK"
282,1993,"German Grand Prix","1993-07-25","Hockenheimring","Hockenheim","Germany"
283,1993,"Hungarian Grand Prix","1993-08-15","Hungaroring","Budapest","Hungary"
284,1993,"Belgian Grand Prix","1993-08-29","Circuit de Spa-Francorchamps","Spa","Belgium"
285,1993,"Italian Grand Prix","1993-09-12","Autodromo Nazionale di Monza","Monza","Italy"
286,1993,"Portuguese Grand Prix","1993-09-26","Autódromo do Estoril","Estoril","Portugal"
287,1993,"Japanese Grand Prix","1993-10-24","Suzuka Circuit","Suzuka","Japan"
288,1993,"Australian Grand Prix","1993-11-07","Adelaide Street Circuit","Adelaide","Australia"
289,1992,"South African Grand Prix","1992-03-01","Kyalami","Midrand","South Africa"
290,1992,"Mexican Grand Prix","1992-03-22","Autódromo Hermanos Rodríguez","Mexico City","Mexico"
291,1992,"Brazilian Grand Prix","1992-04-05","Autódromo José Carlos Pace","São Paulo","Brazil"
292,1992,"Spanish Grand Prix","1992-05-03","Circuit de Barcelona-Catalunya","Montmeló","Spain"
293,1992,"San Marino Grand Prix","1992-05-17","Autodromo Enzo e Dino Ferrari","Imola","Italy"
294,1992,"Monaco Grand Prix","1992-05-31","Circuit de Monaco","Monte-Carlo","Monaco"
295,1992,"Canadian Grand Prix","1992-06-14","Circuit Gilles Villeneuve","Montreal","Canada"
296,1992,"French Grand Prix","1992-07-05","Circuit de Nevers Magny-Cours","Magny Cours","France"
297,1992,"British Grand Prix","1992-07-12","Silverstone Circuit","Silverstone","UK"
298,1992,"German Grand Prix","1992-07-26","Hockenheimring","Hockenheim","Germany"
299,1992,"Hungarian Grand Prix","1992-08-16","Hungaroring","Budapest","Hungary"
300,1992,"Belgian Grand Prix","1992-08-30","Circuit de Spa-Francorchamps","Spa","Belgium"
301,1992,"Italian Grand Prix","1992-09-13","Autodromo Nazionale di Monza","Monza","Italy"
302,1992,"Portuguese Grand Prix","1992-09-27","Autódromo do Estoril","Estoril","Portugal"
303,1992,"Japanese Grand Prix","1992-10-25","Suzuka Circuit","Suzuka","Japan"
304,1992,"Australian Grand Prix","1992-11-08","Adelaide Street Circuit","Adelaide","Australia"
305,1991,"United States Grand Prix","1991-03-10","Phoenix street circuit","Phoenix","USA"
306,1991,"Brazilian Grand Prix","1991-03-24","Autódromo José Carlos Pace","São Paulo","Brazil"
307,1991,"San Marino Grand Prix","1991-04-28","Autodromo Enzo e Dino Ferrari","Imola","Italy"
308,1991,"Monaco Grand Prix","1991-05-12","Circuit de Monaco","Monte-Carlo","Monaco"
309,1991,"Canadian Grand Prix","1991-06-02","Circuit Gilles Villeneuve","Montreal","Canada"
310,1991,"Mexican Grand Prix","1991-06-16","Autódromo Hermanos Rodríguez","Mexico City","Mexico"
311,1991,"French Grand Prix","1991-07-07","Circuit de Nevers Magny-Cours","Magny Cours","France"
312,1991,"British Grand Prix","1991-07-14","Silverstone Circuit","Silverstone","UK"
313,1991,"German Grand Prix","1991-07-28","Hockenheimring","Hockenheim","Germany"
314,1991,"Hungarian Grand Prix","1991-08-11","Hungaroring","Budapest","Hungary"
315,1991,"Belgian Grand Prix","1991-08-25","Circuit de Spa-Francorchamps","Spa","Belgium"
316,1991,"Italian Grand Prix","1991-09-08","Autodromo Nazionale di Monza","Monza","Italy"
317,1991,"Portuguese Grand Prix","1991-09-22","Autódromo do Estoril","Estoril","Portugal"
318,1991,"Spanish Grand Prix","1991-09-29","Circuit de Barcelona-Catalunya","Montmeló","Spain"
319,1991,"Japanese Grand Prix","1991-10-20","Suzuka Circuit","Suzuka","Japan"
320,1991,"Australian Grand Prix","1991-11-03","Adelaide Street Circuit","Adelaide","Australia"
321,1990,"United States Grand Prix","1990-03-11","Phoenix street circuit","Phoenix","USA"
322,1990,"Brazilian Grand Prix","1990-03-25","Autódromo José Carlos Pace","São Paulo","Brazil"
323,1990,"San Marino Grand Prix","1990-05-13","Autodromo Enzo e Dino Ferrari","Imola","Italy"
324,1990,"Monaco Grand Prix","1990-05-27","Circuit de Monaco","Monte-Carlo","Monaco"
325,1990,"Canadian Grand Prix","1990-06-10","Circuit Gilles Villeneuve","Montreal","Canada"
326,1990,"Mexican Grand Prix","1990-06-24","Autódromo Hermanos Rodríguez","Mexico City","Mexico"
327,1990,"French Grand Prix","1990-07-08","Circuit Paul Ricard","Le Castellet","France"
328,1990,"British Grand Prix","1990-07-15","Silverstone Circuit","Silverstone","UK"
329,1990,"German Grand Prix","1990-07-29","Hockenheimring","Hockenheim","Germany"
330,1990,"Hungarian Grand Prix","1990-08-12","Hungaroring","Budapest","Hungary"
331,1990,"Belgian Grand Prix","1990-08-26","Circuit de Spa-Francorchamps","Spa","Belgium"
332,1990,"Italian Grand Prix","1990-09-09","Autodromo Nazionale di Monza","Monza","Italy"
333,1990,"Portuguese Grand Prix","1990-09-23","Autódromo do Estoril","Estoril","Portugal"
334,1990,"Spanish Grand Prix","1990-09-30","Circuito de Jerez","Jerez de la Frontera","Spain"
335,1990,"Japanese Grand Prix","1990-10-21","Suzuka Circuit","Suzuka","Japan"
336,1990,"Australian Grand Prix","1990-11-04","Adelaide Street Circuit","Adelaide","Australia"
337,2010,"Bahrain Grand Prix","2010-03-14","Bahrain International Circuit","Sakhir","Bahrain"
338,2010,"Australian Grand Prix","2010-03-28","Albert Park Grand Prix Circuit","Melbourne","Australia"
339,2010,"Malaysian Grand Prix","2010-04-04","Sepang International Circuit","Kuala Lumpur","Malaysia"
340,2010,"Chinese Grand Prix","2010-04-18","Shanghai International Circuit","Shanghai","China"
341,2010,"Spanish Grand Prix","2010-05-09","Circuit de Barcelona-Catalunya","Montmeló","Spain"
342,2010,"Monaco Grand Prix","2010-05-16","Circuit de Monaco","Monte-Carlo","Monaco"
343,2010,"Turkish Grand Prix","2010-05-30","Istanbul Park","Istanbul","Turkey"
344,2010,"Canadian Grand Prix","2010-06-13","Circuit Gilles Villeneuve","Montreal","Canada"
345,2010,"European Grand Prix","2010-06-27","Valencia Street Circuit","Valencia","Spain"
346,2010,"British Grand Prix","2010-07-11","Silverstone Circuit","Silverstone","UK"
347,2010,"German Grand Prix","2010-07-25","Hockenheimring","Hockenheim","Germany"
348,2010,"Hungarian Grand Prix","2010-08-01","Hungaroring","Budapest","Hungary"
349,2010,"Belgian Grand Prix","2010-08-29","Circuit de Spa-Francorchamps","Spa","Belgium"
350,2010,"Italian Grand Prix","2010-09-12","Autodromo Nazionale di Monza","Monza","Italy"
351,2010,"Singapore Grand Prix","2010-09-26","Marina Bay Street Circuit","Marina Bay","Singapore"
352,2010,"Japanese Grand Prix","2010-10-10","Suzuka Circuit","Suzuka","Japan"
353,2010,"Korean Grand Prix","2010-10-24","Korean International Circuit","Yeongam County","Korea"
354,2010,"Brazilian Grand Prix","2010-11-07","Autódromo José Carlos Pace","São Paulo","Brazil"
355,2010,"Abu Dhabi Grand Prix","2010-11-14","Yas Marina Circuit","Abu Dhabi","UAE"
356,1989,"Brazilian Grand Prix","1989-03-26","Autódromo Internacional Nelson Piquet","Rio de Janeiro","Brazil"
357,1989,"San Marino Grand Prix","1989-04-23","Autodromo Enzo e Dino Ferrari","Imola","Italy"
358,1989,"Monaco Grand Prix","1989-05-07","Circuit de Monaco","Monte-Carlo","Monaco"
359,1989,"Mexican Grand Prix","1989-05-28","Autódromo Hermanos Rodríguez","Mexico City","Mexico"
360,1989,"United States Grand Prix","1989-06-04","Phoenix street circuit","Phoenix","USA"
361,1989,"Canadian Grand Prix","1989-06-18","Circuit Gilles Villeneuve","Montreal","Canada"
362,1989,"French Grand Prix","1989-07-09","Circuit Paul Ricard","Le Castellet","France"
363,1989,"British Grand Prix","1989-07-16","Silverstone Circuit","Silverstone","UK"
364,1989,"German Grand Prix","1989-07-30","Hockenheimring","Hockenheim","Germany"
365,1989,"Hungarian Grand Prix","1989-08-13","Hungaroring","Budapest","Hungary"
366,1989,"Belgian Grand Prix","1989-08-27","Circuit de Spa-Francorchamps","Spa","Belgium"
367,1989,"Italian Grand Prix","1989-09-10","Autodromo Nazionale di Monza","Monza","Italy"
368,1989,"Portuguese Grand Prix","1989-09-24","Autódromo do Estoril","Estoril","Portugal"
369,1989,"Spanish Grand Prix","1989-10-01","Circuito de Jerez","Jerez de la Frontera","Spain"
370,1989,"Japanese Grand Prix","1989-10-22","Suzuka Circuit","Suzuka","Japan"
371,1989,"Australian Grand Prix","1989-11-05","Adelaide Street Circuit","Adelaide","Australia"
372,1988,"Brazilian Grand Prix","1988-04-03","Autódromo Internacional Nelson Piquet","Rio de Janeiro","Brazil"
373,1988,"San Marino Grand Prix","1988-05-01","Autodromo Enzo e Dino Ferrari","Imola","Italy"
374,1988,"Monaco Grand Prix","1988-05-15","Circuit de Monaco","Monte-Carlo","Monaco"
375,1988,"Mexican Grand Prix","1988-05-29","Autódromo Hermanos Rodríguez","Mexico City","Mexico"
376,1988,"Canadian Grand Prix","1988-06-12","Circuit Gilles Villeneuve","Montreal","Canada"
377,1988,"Detroit Grand Prix","1988-06-19","Detroit Street Circuit","Detroit","USA"
378,1988,"French Grand Prix","1988-07-03","Circuit Paul Ricard","Le Castellet","France"
379,1988,"British Grand Prix","1988-07-10","Silverstone Circuit","Silverstone","UK"
380,1988,"German Grand Prix","1988-07-24","Hockenheimring","Hockenheim","Germany"
381,1988,"Hungarian Grand Prix","1988-08-07","Hungaroring","Budapest","Hungary"
382,1988,"Belgian Grand Prix","1988-08-28","Circuit de Spa-Francorchamps","Spa","Belgium"
383,1988,"Italian Grand Prix","1988-09-11","Autodromo Nazionale di Monza","Monza","Italy"
384,1988,"Portuguese Grand Prix","1988-09-25","Autódromo do Estoril","Estoril","Portugal"
385,1988,"Spanish Grand Prix","1988-10-02","Circuito de Jerez","Jerez de la Frontera","Spain"
386,1988,"Japanese Grand Prix","1988-10-30","Suzuka Circuit","Suzuka","Japan"
387,1988,"Australian Grand Prix","1988-11-13","Adelaide Street Circuit","Adelaide","Australia"
388,1987,"Brazilian Grand Prix","1987-04-12","Autódromo Internacional Nelson Piquet","Rio de Janeiro","Brazil"
389,1987,"San Marino Grand Prix","1987-05-03","Autodromo Enzo e Dino Ferrari","Imola","Italy"
390,1987,"Belgian Grand Prix","1987-05-17","Circuit de Spa-Francorchamps","Spa","Belgium"
391,1987,"Monaco Grand Prix","1987-05-31","Circuit de Monaco","Monte-Carlo","Monaco"
392,1987,"Detroit Grand Prix","1987-06-21","Detroit Street Circuit","Detroit","USA"
393,1987,"French Grand Prix","1987-07-05","Circuit Paul Ricard","Le Castellet","France"
394,1987,"British Grand Prix","1987-07-12","Silverstone Circuit","Silverstone","UK"
395,1987,"German Grand Prix","1987-07-26","Hockenheimring","Hockenheim","Germany"
396,1987,"Hungarian Grand Prix","1987-08-09","Hungaroring","Budapest","Hungary"
397,1987,"Austrian Grand Prix","1987-08-16","A1-Ring","Spielburg","Austria"
398,1987,"Italian Grand Prix","1987-09-06","Autodromo Nazionale di Monza","Monza","Italy"
399,1987,"Portuguese Grand Prix","1987-09-20","Autódromo do Estoril","Estoril","Portugal"
400,1987,"Spanish Grand Prix","1987-09-27","Circuito de Jerez","Jerez de la Frontera","Spain"
401,1987,"Mexican Grand Prix","1987-10-18","Autódromo Hermanos Rodríguez","Mexico City","Mexico"
402,1987,"Japanese Grand Prix","1987-11-01","Suzuka Circuit","Suzuka","Japan"
403,1987,"Australian Grand Prix","1987-11-15","Adelaide Street Circuit","Adelaide","Australia"
404,1986,"Brazilian Grand Prix","1986-03-23","Autódromo Internacional Nelson Piquet","Rio de Janeiro","Brazil"
405,1986,"Spanish Grand Prix","1986-04-13","Circuito de Jerez","Jerez de la Frontera","Spain"
406,1986,"San Marino Grand Prix","1986-04-27","Autodromo Enzo e Dino Ferrari","Imola","Italy"
407,1986,"Monaco Grand Prix","1986-05-11","Circuit de Monaco","Monte-Carlo","Monaco"
408,1986,"Belgian Grand Prix","1986-05-25","Circuit de Spa-Francorchamps","Spa","Belgium"
409,1986,"Canadian Grand Prix","1986-06-15","Circuit Gilles Villeneuve","Montreal","Canada"
410,1986,"Detroit Grand Prix","1986-06-22","Detroit Street Circuit","Detroit","USA"
411,1986,"French Grand Prix","1986-07-06","Circuit Paul Ricard","Le Castellet","France"
412,1986,"British Grand Prix","1986-07-13","Brands Hatch","Kent","UK"
413,1986,"German Grand Prix","1986-07-27","Hockenheimring","Hockenheim","Germany"
414,1986,"Hungarian Grand Prix","1986-08-10","Hungaroring","Budapest","Hungary"
415,1986,"Austrian Grand Prix","1986-08-17","A1-Ring","Spielburg","Austria"
416,1986,"Italian Grand Prix","1986-09-07","Autodromo Nazionale di Monza","Monza","Italy"
417,1986,"Portuguese Grand Prix","1986-09-21","Autódromo do Estoril","Estoril","Portugal"
418,1986,"Mexican Grand Prix","1986-10-12","Autódromo Hermanos Rodríguez","Mexico City","Mexico"
419,1986,"Australian Grand Prix","1986-10-26","Adelaide Street Circuit","Adelaide","Australia"
420,1985,"Brazilian Grand Prix","1985-04-07","Autódromo Internacional Nelson Piquet","Rio de Janeiro","Brazil"
421,1985,"Portuguese Grand Prix","1985-04-21","Autódromo do Estoril","Estoril","Portugal"
422,1985,"San Marino Grand Prix","1985-05-05","Autodromo Enzo e Dino Ferrari","Imola","Italy"
423,1985,"Monaco Grand Prix","1985-05-19","Circuit de Monaco","Monte-Carlo","Monaco"
424,1985,"Canadian Grand Prix","1985-06-16","Circuit Gilles Villeneuve","Montreal","Canada"
425,1985,"Detroit Grand Prix","1985-06-23","Detroit Street Circuit","Detroit","USA"
426,1985,"French Grand Prix","1985-07-07","Circuit Paul Ricard","Le Castellet","France"
427,1985,"British Grand Prix","1985-07-21","Silverstone Circuit","Silverstone","UK"
428,1985,"German Grand Prix","1985-08-04","Nürburgring","Nürburg","Germany"
429,1985,"Austrian Grand Prix","1985-08-18","A1-Ring","Spielburg","Austria"
430,1985,"Dutch Grand Prix","1985-08-25","Circuit Park Zandvoort","Zandvoort","Netherlands"
431,1985,"Italian Grand Prix","1985-09-08","Autodromo Nazionale di Monza","Monza","Italy"
432,1985,"Belgian Grand Prix","1985-09-15","Circuit de Spa-Francorchamps","Spa","Belgium"
433,1985,"European Grand Prix","1985-10-06","Brands Hatch","Kent","UK"
434,1985,"South African Grand Prix","1985-10-19","Kyalami","Midrand","South Africa"
435,1985,"Australian Grand Prix","1985-11-03","Adelaide Street Circuit","Adelaide","Australia"
436,1984,"Brazilian Grand Prix","1984-03-25","Autódromo Internacional Nelson Piquet","Rio de Janeiro","Brazil"
437,1984,"South African Grand Prix","1984-04-07","Kyalami","Midrand","South Africa"
438,1984,"Belgian Grand Prix","1984-04-29","Zolder","Heusden-Zolder","Belgium"
439,1984,"San Marino Grand Prix","1984-05-06","Autodromo Enzo e Dino Ferrari","Imola","Italy"
440,1984,"French Grand Prix","1984-05-20","Dijon-Prenois","Dijon","France"
441,1984,"Monaco Grand Prix","1984-06-03","Circuit de Monaco","Monte-Carlo","Monaco"
442,1984,"Canadian Grand Prix","1984-06-17","Circuit Gilles Villeneuve","Montreal","Canada"
443,1984,"Detroit Grand Prix","1984-06-24","Detroit Street Circuit","Detroit","USA"
444,1984,"Dallas Grand Prix","1984-07-08","Fair Park","Dallas","USA"
445,1984,"British Grand Prix","1984-07-22","Brands Hatch","Kent","UK"
446,1984,"German Grand Prix","1984-08-05","Hockenheimring","Hockenheim","Germany"
447,1984,"Austrian Grand Prix","1984-08-19","A1-Ring","Spielburg","Austria"
448,1984,"Dutch Grand Prix","1984-08-26","Circuit Park Zandvoort","Zandvoort","Netherlands"
449,1984,"Italian Grand Prix","1984-09-09","Autodromo Nazionale di Monza","Monza","Italy"
450,1984,"European Grand Prix","1984-10-07","Nürburgring","Nürburg","Germany"
451,1984,"Portuguese Grand Prix","1984-10-21","Autódromo do Estoril","Estoril","Portugal"
452,1983,"Brazilian Grand Prix","1983-03-13","Autódromo Internacional Nelson Piquet","Rio de Janeiro","Brazil"
453,1983,"United States Grand Prix West","1983-03-27","Long Beach","California","USA"
454,1983,"French Grand Prix","1983-04-17","Circuit Paul Ricard","Le Castellet","France"
455,1983,"San Marino Grand Prix","1983-05-01","Autodromo Enzo e Dino Ferrari","Imola","Italy"
456,1983,"Monaco Grand Prix","1983-05-15","Circuit de Monaco","Monte-Carlo","Monaco"
457,1983,"Belgian Grand Prix","1983-05-22","Circuit de Spa-Francorchamps","Spa","Belgium"
458,1983,"Detroit Grand Prix","1983-06-05","Detroit Street Circuit","Detroit","USA"
459,1983,"Canadian Grand Prix","1983-06-12","Circuit Gilles Villeneuve","Montreal","Canada"
460,1983,"British Grand Prix","1983-07-16","Silverstone Circuit","Silverstone","UK"
461,1983,"German Grand Prix","1983-08-07","Hockenheimring","Hockenheim","Germany"
462,1983,"Austrian Grand Prix","1983-08-14","A1-Ring","Spielburg","Austria"
463,1983,"Dutch Grand Prix","1983-08-28","Circuit Park Zandvoort","Zandvoort","Netherlands"
464,1983,"Italian Grand Prix","1983-09-11","Autodromo Nazionale di Monza","Monza","Italy"
465,1983,"European Grand Prix","1983-09-25","Brands Hatch","Kent","UK"
466,1983,"South African Grand Prix","1983-10-15","Kyalami","Midrand","South Africa"
467,1982,"South African Grand Prix","1982-01-23","Kyalami","Midrand","South Africa"
468,1982,"Brazilian Grand Prix","1982-03-21","Autódromo Internacional Nelson Piquet","Rio de Janeiro","Brazil"
469,1982,"United States Grand Prix West","1982-04-04","Long Beach","California","USA"
470,1982,"San Marino Grand Prix","1982-04-25","Autodromo Enzo e Dino Ferrari","Imola","Italy"
471,1982,"Belgian Grand Prix","1982-05-09","Zolder","Heusden-Zolder","Belgium"
472,1982,"Monaco Grand Prix","1982-05-23","Circuit de Monaco","Monte-Carlo","Monaco"
473,1982,"Detroit Grand Prix","1982-06-06","Detroit Street Circuit","Detroit","USA"
474,1982,"Canadian Grand Prix","1982-06-13","Circuit Gilles Villeneuve","Montreal","Canada"
475,1982,"Dutch Grand Prix","1982-07-03","Circuit Park Zandvoort","Zandvoort","Netherlands"
476,1982,"British Grand Prix","1982-07-18","Brands Hatch","Kent","UK"
477,1982,"French Grand Prix","1982-07-25","Circuit Paul Ricard","Le Castellet","France"
478,1982,"German Grand Prix","1982-08-08","Hockenheimring","Hockenheim","Germany"
479,1982,"Austrian Grand Prix","1982-08-15","A1-Ring","Spielburg","Austria"
480,1982,"Swiss Grand Prix","1982-08-29","Dijon-Prenois","Dijon","France"
481,1982,"Italian Grand Prix","1982-09-12","Autodromo Nazionale di Monza","Monza","Italy"
482,1982,"Caesars Palace Grand Prix","1982-09-25","Las Vegas Street Circuit","Nevada","USA"
483,1981,"United States Grand Prix West","1981-03-15","Long Beach","California","USA"
484,1981,"Brazilian Grand Prix","1981-03-29","Autódromo Internacional Nelson Piquet","Rio de Janeiro","Brazil"
485,1981,"Argentine Grand Prix","1981-04-12","Autódromo Juan y Oscar Gálvez","Buenos Aires","Argentina"
486,1981,"San Marino Grand Prix","1981-05-03","Autodromo Enzo e Dino Ferrari","Imola","Italy"
487,1981,"Belgian Grand Prix","1981-05-17","Zolder","Heusden-Zolder","Belgium"
488,1981,"Monaco Grand Prix","1981-05-31","Circuit de Monaco","Monte-Carlo","Monaco"
489,1981,"Spanish Grand Prix","1981-06-21","Jarama","Madrid","Spain"
490,1981,"French Grand Prix","1981-07-05","Dijon-Prenois","Dijon","France"
491,1981,"British Grand Prix","1981-07-18","Silverstone Circuit","Silverstone","UK"
492,1981,"German Grand Prix","1981-08-02","Hockenheimring","Hockenheim","Germany"
493,1981,"Austrian Grand Prix","1981-08-16","A1-Ring","Spielburg","Austria"
494,1981,"Dutch Grand Prix","1981-08-30","Circuit Park Zandvoort","Zandvoort","Netherlands"
495,1981,"Italian Grand Prix","1981-09-13","Autodromo Nazionale di Monza","Monza","Italy"
496,1981,"Canadian Grand Prix","1981-09-27","Circuit Gilles Villeneuve","Montreal","Canada"
497,1981,"Caesars Palace Grand Prix","1981-10-17","Las Vegas Street Circuit","Nevada","USA"
498,1980,"Argentine Grand Prix","1980-01-13","Autódromo Juan y Oscar Gálvez","Buenos Aires","Argentina"
499,1980,"Brazilian Grand Prix","1980-01-27","Autódromo José Carlos Pace","São Paulo","Brazil"
500,1980,"South African Grand Prix","1980-03-01","Kyalami","Midrand","South Africa"
501,1980,"United States Grand Prix West","1980-03-30","Long Beach","California","USA"
502,1980,"Belgian Grand Prix","1980-05-04","Zolder","Heusden-Zolder","Belgium"
503,1980,"Monaco Grand Prix","1980-05-18","Circuit de Monaco","Monte-Carlo","Monaco"
504,1980,"French Grand Prix","1980-06-29","Circuit Paul Ricard","Le Castellet","France"
505,1980,"British Grand Prix","1980-07-13","Brands Hatch","Kent","UK"
506,1980,"German Grand Prix","1980-08-10","Hockenheimring","Hockenheim","Germany"
507,1980,"Austrian Grand Prix","1980-08-17","A1-Ring","Spielburg","Austria"
508,1980,"Dutch Grand Prix","1980-08-31","Circuit Park Zandvoort","Zandvoort","Netherlands"
509,1980,"Italian Grand Prix","1980-09-14","Autodromo Enzo e Dino Ferrari","Imola","Italy"
510,1980,"Canadian Grand Prix","1980-09-28","Circuit Gilles Villeneuve","Montreal","Canada"
511,1980,"United States Grand Prix","1980-10-05","Watkins Glen","New York State","USA"
512,1979,"Argentine Grand Prix","1979-01-21","Autódromo Juan y Oscar Gálvez","Buenos Aires","Argentina"
513,1979,"Brazilian Grand Prix","1979-02-04","Autódromo José Carlos Pace","São Paulo","Brazil"
514,1979,"South African Grand Prix","1979-03-03","Kyalami","Midrand","South Africa"
515,1979,"United States Grand Prix West","1979-04-08","Long Beach","California","USA"
516,1979,"Spanish Grand Prix","1979-04-29","Jarama","Madrid","Spain"
517,1979,"Belgian Grand Prix","1979-05-13","Zolder","Heusden-Zolder","Belgium"
518,1979,"Monaco Grand Prix","1979-05-27","Circuit de Monaco","Monte-Carlo","Monaco"
519,1979,"French Grand Prix","1979-07-01","Dijon-Prenois","Dijon","France"
520,1979,"British Grand Prix","1979-07-14","Silverstone Circuit","Silverstone","UK"
521,1979,"German Grand Prix","1979-07-29","Hockenheimring","Hockenheim","Germany"
522,1979,"Austrian Grand Prix","1979-08-12","A1-Ring","Spielburg","Austria"
523,1979,"Dutch Grand Prix","1979-08-26","Circuit Park Zandvoort","Zandvoort","Netherlands"
524,1979,"Italian Grand Prix","1979-09-09","Autodromo Nazionale di Monza","Monza","Italy"
525,1979,"Canadian Grand Prix","1979-09-30","Circuit Gilles Villeneuve","Montreal","Canada"
526,1979,"United States Grand Prix","1979-10-07","Watkins Glen","New York State","USA"
527,1978,"Argentine Grand Prix","1978-01-15","Autódromo Juan y Oscar Gálvez","Buenos Aires","Argentina"
528,1978,"Brazilian Grand Prix","1978-01-29","Autódromo Internacional Nelson Piquet","Rio de Janeiro","Brazil"
529,1978,"South African Grand Prix","1978-03-04","Kyalami","Midrand","South Africa"
530,1978,"United States Grand Prix West","1978-04-02","Long Beach","California","USA"
531,1978,"Monaco Grand Prix","1978-05-07","Circuit de Monaco","Monte-Carlo","Monaco"
532,1978,"Belgian Grand Prix","1978-05-21","Zolder","Heusden-Zolder","Belgium"
533,1978,"Spanish Grand Prix","1978-06-04","Jarama","Madrid","Spain"
534,1978,"Swedish Grand Prix","1978-06-17","Scandinavian Raceway","Anderstorp","Sweden"
535,1978,"French Grand Prix","1978-07-02","Circuit Paul Ricard","Le Castellet","France"
536,1978,"British Grand Prix","1978-07-16","Brands Hatch","Kent","UK"
537,1978,"German Grand Prix","1978-07-30","Hockenheimring","Hockenheim","Germany"
538,1978,"Austrian Grand Prix","1978-08-13","A1-Ring","Spielburg","Austria"
539,1978,"Dutch Grand Prix","1978-08-27","Circuit Park Zandvoort","Zandvoort","Netherlands"
540,1978,"Italian Grand Prix","1978-09-10","Autodromo Nazionale di Monza","Monza","Italy"
541,1978,"United States Grand Prix","1978-10-01","Watkins Glen","New York State","USA"
542,1978,"Canadian Grand Prix","1978-10-08","Circuit Gilles Villeneuve","Montreal","Canada"
543,1977,"Argentine Grand Prix","1977-01-09","Autódromo Juan y Oscar Gálvez","Buenos Aires","Argentina"
544,1977,"Brazilian Grand Prix","1977-01-23","Autódromo José Carlos Pace","São Paulo","Brazil"
545,1977,"South African Grand Prix","1977-03-05","Kyalami","Midrand","South Africa"
546,1977,"United States Grand Prix West","1977-04-03","Long Beach","California","USA"
547,1977,"Spanish Grand Prix","1977-05-08","Jarama","Madrid","Spain"
548,1977,"Monaco Grand Prix","1977-05-22","Circuit de Monaco","Monte-Carlo","Monaco"
549,1977,"Belgian Grand Prix","1977-06-05","Zolder","Heusden-Zolder","Belgium"
550,1977,"Swedish Grand Prix","1977-06-19","Scandinavian Raceway","Anderstorp","Sweden"
551,1977,"French Grand Prix","1977-07-03","Dijon-Prenois","Dijon","France"
552,1977,"British Grand Prix","1977-07-16","Silverstone Circuit","Silverstone","UK"
553,1977,"German Grand Prix","1977-07-31","Hockenheimring","Hockenheim","Germany"
554,1977,"Austrian Grand Prix","1977-08-14","A1-Ring","Spielburg","Austria"
555,1977,"Dutch Grand Prix","1977-08-28","Circuit Park Zandvoort","Zandvoort","Netherlands"
556,1977,"Italian Grand Prix","1977-09-11","Autodromo Nazionale di Monza","Monza","Italy"
557,1977,"United States Grand Prix","1977-10-02","Watkins Glen","New York State","USA"
558,1977,"Canadian Grand Prix","1977-10-09","Mosport International Raceway","Ontario","Canada"
559,1977,"Japanese Grand Prix","1977-10-23","Fuji Speedway","Oyama","Japan"
560,1976,"Brazilian Grand Prix","1976-01-25","Autódromo José Carlos Pace","São Paulo","Brazil"
561,1976,"South African Grand Prix","1976-03-06","Kyalami","Midrand","South Africa"
562,1976,"United States Grand Prix West","1976-03-28","Long Beach","California","USA"
563,1976,"Spanish Grand Prix","1976-05-02","Jarama","Madrid","Spain"
564,1976,"Belgian Grand Prix","1976-05-16","Zolder","Heusden-Zolder","Belgium"
565,1976,"Monaco Grand Prix","1976-05-30","Circuit de Monaco","Monte-Carlo","Monaco"
566,1976,"Swedish Grand Prix","1976-06-13","Scandinavian Raceway","Anderstorp","Sweden"
567,1976,"French Grand Prix","1976-07-04","Circuit Paul Ricard","Le Castellet","France"
568,1976,"British Grand Prix","1976-07-18","Brands Hatch","Kent","UK"
569,1976,"German Grand Prix","1976-08-01","Nürburgring","Nürburg","Germany"
570,1976,"Austrian Grand Prix","1976-08-15","A1-Ring","Spielburg","Austria"
571,1976,"Dutch Grand Prix","1976-08-29","Circuit Park Zandvoort","Zandvoort","Netherlands"
572,1976,"Italian Grand Prix","1976-09-12","Autodromo Nazionale di Monza","Monza","Italy"
573,1976,"Canadian Grand Prix","1976-10-03","Mosport International Raceway","Ontario","Canada"
574,1976,"United States Grand Prix","1976-10-10","Watkins Glen","New York State","USA"
575,1976,"Japanese Grand Prix","1976-10-24","Fuji Speedway","Oyama","Japan"
576,1975,"Argentine Grand Prix","1975-01-12","Autódromo Juan y Oscar Gálvez","Buenos Aires","Argentina"
577,1975,"Brazilian Grand Prix","1975-01-26","Autódromo José Carlos Pace","São Paulo","Brazil"
578,1975,"South African Grand Prix","1975-03-01","Kyalami","Midrand","South Africa"
579,1975,"Spanish Grand Prix","1975-04-27","Montjuïc","Barcelona","Spain"
580,1975,"Monaco Grand Prix","1975-05-11","Circuit de Monaco","Monte-Carlo","Monaco"
581,1975,"Belgian Grand Prix","1975-05-25","Zolder","Heusden-Zolder","Belgium"
582,1975,"Swedish Grand Prix","1975-06-08","Scandinavian Raceway","Anderstorp","Sweden"
583,1975,"Dutch Grand Prix","1975-06-22","Circuit Park Zandvoort","Zandvoort","Netherlands"
584,1975,"French Grand Prix","1975-07-06","Circuit Paul Ricard","Le Castellet","France"
585,1975,"British Grand Prix","1975-07-19","Silverstone Circuit","Silverstone","UK"
586,1975,"German Grand Prix","1975-08-03","Nürburgring","Nürburg","Germany"
587,1975,"Austrian Grand Prix","1975-08-17","A1-Ring","Spielburg","Austria"
588,1975,"Italian Grand Prix","1975-09-07","Autodromo Nazionale di Monza","Monza","Italy"
589,1975,"United States Grand Prix","1975-10-05","Watkins Glen","New York State","USA"
590,1974,"Argentine Grand Prix","1974-01-13","Autódromo Juan y Oscar Gálvez","Buenos Aires","Argentina"
591,1974,"Brazilian Grand Prix","1974-01-27","Autódromo José Carlos Pace","São Paulo","Brazil"
592,1974,"South African Grand Prix","1974-03-30","Kyalami","Midrand","South Africa"
593,1974,"Spanish Grand Prix","1974-04-28","Jarama","Madrid","Spain"
594,1974,"Belgian Grand Prix","1974-05-12","Nivelles-Baulers","Brussels","Belgium"
595,1974,"Monaco Grand Prix","1974-05-26","Circuit de Monaco","Monte-Carlo","Monaco"
596,1974,"Swedish Grand Prix","1974-06-09","Scandinavian Raceway","Anderstorp","Sweden"
597,1974,"Dutch Grand Prix","1974-06-23","Circuit Park Zandvoort","Zandvoort","Netherlands"
598,1974,"French Grand Prix","1974-07-07","Dijon-Prenois","Dijon","France"
599,1974,"British Grand Prix","1974-07-20","Brands Hatch","Kent","UK"
600,1974,"German Grand Prix","1974-08-04","Nürburgring","Nürburg","Germany"
601,1974,"Austrian Grand Prix","1974-08-18","A1-Ring","Spielburg","Austria"
602,1974,"Italian Grand Prix","1974-09-08","Autodromo Nazionale di Monza","Monza","Italy"
603,1974,"Canadian Grand Prix","1974-09-22","Mosport International Raceway","Ontario","Canada"
604,1974,"United States Grand Prix","1974-10-06","Watkins Glen","New York State","USA"
605,1973,"Argentine Grand Prix","1973-01-28","Autódromo Juan y Oscar Gálvez","Buenos Aires","Argentina"
606,1973,"Brazilian Grand Prix","1973-02-11","Autódromo José Carlos Pace","São Paulo","Brazil"
607,1973,"South African Grand Prix","1973-03-03","Kyalami","Midrand","South Africa"
608,1973,"Spanish Grand Prix","1973-04-29","Montjuïc","Barcelona","Spain"
609,1973,"Belgian Grand Prix","1973-05-20","Zolder","Heusden-Zolder","Belgium"
610,1973,"Monaco Grand Prix","1973-06-03","Circuit de Monaco","Monte-Carlo","Monaco"
611,1973,"Swedish Grand Prix","1973-06-17","Scandinavian Raceway","Anderstorp","Sweden"
612,1973,"French Grand Prix","1973-07-01","Circuit Paul Ricard","Le Castellet","France"
613,1973,"British Grand Prix","1973-07-14","Silverstone Circuit","Silverstone","UK"
614,1973,"Dutch Grand Prix","1973-07-29","Circuit Park Zandvoort","Zandvoort","Netherlands"
615,1973,"German Grand Prix","1973-08-05","Nürburgring","Nürburg","Germany"
616,1973,"Austrian Grand Prix","1973-08-19","A1-Ring","Spielburg","Austria"
617,1973,"Italian Grand Prix","1973-09-09","Autodromo Nazionale di Monza","Monza","Italy"
618,1973,"Canadian Grand Prix","1973-09-23","Mosport International Raceway","Ontario","Canada"
619,1973,"United States Grand Prix","1973-10-07","Watkins Glen","New York State","USA"
620,1972,"Argentine Grand Prix","1972-01-23","Autódromo Juan y Oscar Gálvez","Buenos Aires","Argentina"
621,1972,"South African Grand Prix","1972-03-04","Kyalami","Midrand","South Africa"
622,1972,"Spanish Grand Prix","1972-05-01","Jarama","Madrid","Spain"
623,1972,"Monaco Grand Prix","1972-05-14","Circuit de Monaco","Monte-Carlo","Monaco"
624,1972,"Belgian Grand Prix","1972-06-04","Nivelles-Baulers","Brussels","Belgium"
625,1972,"French Grand Prix","1972-07-02","Charade Circuit","Clermont-Ferrand","France"
626,1972,"British Grand Prix","1972-07-15","Brands Hatch","Kent","UK"
627,1972,"German Grand Prix","1972-07-30","Nürburgring","Nürburg","Germany"
628,1972,"Austrian Grand Prix","1972-08-13","A1-Ring","Spielburg","Austria"
629,1972,"Italian Grand Prix","1972-09-10","Autodromo Nazionale di Monza","Monza","Italy"
630,1972,"Canadian Grand Prix","1972-09-24","Mosport International Raceway","Ontario","Canada"
631,1972,"United States Grand Prix","1972-10-08","Watkins Glen","New York State","USA"
632,1971,"South African Grand Prix","1971-03-06","Kyalami","Midrand","South Africa"
633,1971,"Spanish Grand Prix","1971-04-18","Montjuïc","Barcelona","Spain"
634,1971,"Monaco Grand Prix","1971-05-23","Circuit de Monaco","Monte-Carlo","Monaco"
635,1971,"Dutch Grand Prix","1971-06-20","Circuit Park Zandvoort","Zandvoort","Netherlands"
636,1971,"French Grand Prix","1971-07-04","Circuit Paul Ricard","Le Castellet","France"
637,1971,"British Grand Prix","1971-07-17","Silverstone Circuit","Silverstone","UK"
638,1971,"German Grand Prix","1971-08-01","Nürburgring","Nürburg","Germany"
639,1971,"Austrian Grand Prix","1971-08-15","A1-Ring","Spielburg","Austria"
640,1971,"Italian Grand Prix","1971-09-05","Autodromo Nazionale di Monza","Monza","Italy"
641,1971,"Canadian Grand Prix","1971-09-19","Mosport International Raceway","Ontario","Canada"
642,1971,"United States Grand Prix","1971-10-03","Watkins Glen","New York State","USA"
643,1970,"South African Grand Prix","1970-03-07","Kyalami","Midrand","South Africa"
644,1970,"Spanish Grand Prix","1970-04-19","Jarama","Madrid","Spain"
645,1970,"Monaco Grand Prix","1970-05-10","Circuit de Monaco","Monte-Carlo","Monaco"
646,1970,"Belgian Grand Prix","1970-06-07","Circuit de Spa-Francorchamps","Spa","Belgium"
647,1970,"Dutch Grand Prix","1970-06-21","Circuit Park Zandvoort","Zandvoort","Netherlands"
648,1970,"French Grand Prix","1970-07-05","Charade Circuit","Clermont-Ferrand","France"
649,1970,"British Grand Prix","1970-07-18","Brands Hatch","Kent","UK"
650,1970,"German Grand Prix","1970-08-02","Hockenheimring","Hockenheim","Germany"
651,1970,"Austrian Grand Prix","1970-08-16","A1-Ring","Spielburg","Austria"
652,1970,"Italian Grand Prix","1970-09-06","Autodromo Nazionale di Monza","Monza","Italy"
653,1970,"Canadian Grand Prix","1970-09-20","Circuit Mont-Tremblant","Quebec","Canada"
654,1970,"United States Grand Prix","1970-10-04","Watkins Glen","New York State","USA"
655,1970,"Mexican Grand Prix","1970-10-25","Autódromo Hermanos Rodríguez","Mexico City","Mexico"
656,1969,"South African Grand Prix","1969-03-01","Kyalami","Midrand","South Africa"
657,1969,"Spanish Grand Prix","1969-05-04","Montjuïc","Barcelona","Spain"
658,1969,"Monaco Grand Prix","1969-05-18","Circuit de Monaco","Monte-Carlo","Monaco"
659,1969,"Dutch Grand Prix","1969-06-21","Circuit Park Zandvoort","Zandvoort","Netherlands"
660,1969,"French Grand Prix","1969-07-06","Charade Circuit","Clermont-Ferrand","France"
661,1969,"British Grand Prix","1969-07-19","Silverstone Circuit","Silverstone","UK"
662,1969,"German Grand Prix","1969-08-03","Nürburgring","Nürburg","Germany"
663,1969,"Italian Grand Prix","1969-09-07","Autodromo Nazionale di Monza","Monza","Italy"
664,1969,"Canadian Grand Prix","1969-09-20","Mosport International Raceway","Ontario","Canada"
665,1969,"United States Grand Prix","1969-10-05","Watkins Glen","New York State","USA"
666,1969,"Mexican Grand Prix","1969-10-19","Autódromo Hermanos Rodríguez","Mexico City","Mexico"
667,1968,"South African Grand Prix","1968-01-01","Kyalami","Midrand","South Africa"
668,1968,"Spanish Grand Prix","1968-05-12","Jarama","Madrid","Spain"
669,1968,"Monaco Grand Prix","1968-05-26","Circuit de Monaco","Monte-Carlo","Monaco"
670,1968,"Belgian Grand Prix","1968-06-09","Circuit de Spa-Francorchamps","Spa","Belgium"
671,1968,"Dutch Grand Prix","1968-06-23","Circuit Park Zandvoort","Zandvoort","Netherlands"
672,1968,"French Grand Prix","1968-07-07","Rouen-Les-Essarts","Rouen","France"
673,1968,"British Grand Prix","1968-07-20","Brands Hatch","Kent","UK"
674,1968,"German Grand Prix","1968-08-04","Nürburgring","Nürburg","Germany"
675,1968,"Italian Grand Prix","1968-09-08","Autodromo Nazionale di Monza","Monza","Italy"
676,1968,"Canadian Grand Prix","1968-09-22","Circuit Mont-Tremblant","Quebec","Canada"
677,1968,"United States Grand Prix","1968-10-06","Watkins Glen","New York State","USA"
678,1968,"Mexican Grand Prix","1968-11-03","Autódromo Hermanos Rodríguez","Mexico City","Mexico"
679,1967,"South African Grand Prix","1967-01-02","Kyalami","Midrand","South Africa"
680,1967,"Monaco Grand Prix","1967-05-07","Circuit de Monaco","Monte-Carlo","Monaco"
681,1967,"Dutch Grand Prix","1967-06-04","Circuit Park Zandvoort","Zandvoort","Netherlands"
682,1967,"Belgian Grand Prix","1967-06-18","Circuit de Spa-Francorchamps","Spa","Belgium"
683,1967,"French Grand Prix","1967-07-02","Le Mans","Le Mans","France"
684,1967,"British Grand Prix","1967-07-15","Silverstone Circuit","Silverstone","UK"
685,1967,"German Grand Prix","1967-08-06","Nürburgring","Nürburg","Germany"
686,1967,"Canadian Grand Prix","1967-08-27","Mosport International Raceway","Ontario","Canada"
687,1967,"Italian Grand Prix","1967-09-10","Autodromo Nazionale di Monza","Monza","Italy"
688,1967,"United States Grand Prix","1967-10-01","Watkins Glen","New York State","USA"
689,1967,"Mexican Grand Prix","1967-10-22","Autódromo Hermanos Rodríguez","Mexico City","Mexico"
690,1966,"Monaco Grand Prix","1966-05-22","Circuit de Monaco","Monte-Carlo","Monaco"
691,1966,"Belgian Grand Prix","1966-06-12","Circuit de Spa-Francorchamps","Spa","Belgium"
692,1966,"French Grand Prix","1966-07-03","Reims-Gueux","Reims","France"
693,1966,"British Grand Prix","1966-07-16","Brands Hatch","Kent","UK"
694,1966,"Dutch Grand Prix","1966-07-24","Circuit Park Zandvoort","Zandvoort","Netherlands"
695,1966,"German Grand Prix","1966-08-07","Nürburgring","Nürburg","Germany"
696,1966,"Italian Grand Prix","1966-09-04","Autodromo Nazionale di Monza","Monza","Italy"
697,1966,"United States Grand Prix","1966-10-02","Watkins Glen","New York State","USA"
698,1966,"Mexican Grand Prix","1966-10-23","Autódromo Hermanos Rodríguez","Mexico City","Mexico"
699,1965,"South African Grand Prix","1965-01-01","Prince George Circuit","Eastern Cape Province","South Africa"
700,1965,"Monaco Grand Prix","1965-05-30","Circuit de Monaco","Monte-Carlo","Monaco"
701,1965,"Belgian Grand Prix","1965-06-13","Circuit de Spa-Francorchamps","Spa","Belgium"
702,1965,"French Grand Prix","1965-06-27","Charade Circuit","Clermont-Ferrand","France"
703,1965,"British Grand Prix","1965-07-10","Silverstone Circuit","Silverstone","UK"
704,1965,"Dutch Grand Prix","1965-07-18","Circuit Park Zandvoort","Zandvoort","Netherlands"
705,1965,"German Grand Prix","1965-08-01","Nürburgring","Nürburg","Germany"
706,1965,"Italian Grand Prix","1965-09-12","Autodromo Nazionale di Monza","Monza","Italy"
707,1965,"United States Grand Prix","1965-10-03","Watkins Glen","New York State","USA"
708,1965,"Mexican Grand Prix","1965-10-24","Autódromo Hermanos Rodríguez","Mexico City","Mexico"
709,1964,"Monaco Grand Prix","1964-05-10","Circuit de Monaco","Monte-Carlo","Monaco"
710,1964,"Dutch Grand Prix","1964-05-24","Circuit Park Zandvoort","Zandvoort","Netherlands"
711,1964,"Belgian Grand Prix","1964-06-14","Circuit de Spa-Francorchamps","Spa","Belgium"
712,1964,"French Grand Prix","1964-06-28","Rouen-Les-Essarts","Rouen","France"
713,1964,"British Grand Prix","1964-07-11","Brands Hatch","Kent","UK"
714,1964,"German Grand Prix","1964-08-02","Nürburgring","Nürburg","Germany"
715,1964,"Austrian Grand Prix","1964-08-23","Zeltweg","Styria","Austria"
716,1964,"Italian Grand Prix","1964-09-06","Autodromo Nazionale di Monza","Monza","Italy"
717,1964,"United States Grand Prix","1964-10-04","Watkins Glen","New York State","USA"
718,1964,"Mexican Grand Prix","1964-10-25","Autódromo Hermanos Rodríguez","Mexico City","Mexico"
719,1963,"Monaco Grand Prix","1963-05-26","Circuit de Monaco","Monte-Carlo","Monaco"
720,1963,"Belgian Grand Prix","1963-06-09","Circuit de Spa-Francorchamps","Spa","Belgium"
721,1963,"Dutch Grand Prix","1963-06-23","Circuit Park Zandvoort","Zandvoort","Netherlands"
722,1963,"French Grand Prix","1963-06-30","Reims-Gueux","Reims","France"
723,1963,"British Grand Prix","1963-07-20","Silverstone Circuit","Silverstone","UK"
724,1963,"German Grand Prix","1963-08-04","Nürburgring","Nürburg","Germany"
725,1963,"Italian Grand Prix","1963-09-08","Autodromo Nazionale di Monza","Monza","Italy"
726,1963,"United States Grand Prix","1963-10-06","Watkins Glen","New York State","USA"
727,1963,"Mexican Grand Prix","1963-10-27","Autódromo Hermanos Rodríguez","Mexico City","Mexico"
728,1963,"South African Grand Prix","1963-12-28","Prince George Circuit","Eastern Cape Province","South Africa"
729,1962,"Dutch Grand Prix","1962-05-20","Circuit Park Zandvoort","Zandvoort","Netherlands"
730,1962,"Monaco Grand Prix","1962-06-03","Circuit de Monaco","Monte-Carlo","Monaco"
731,1962,"Belgian Grand Prix","1962-06-17","Circuit de Spa-Francorchamps","Spa","Belgium"
732,1962,"French Grand Prix","1962-07-08","Rouen-Les-Essarts","Rouen","France"
733,1962,"British Grand Prix","1962-07-21","Aintree","Liverpool","UK"
734,1962,"German Grand Prix","1962-08-05","Nürburgring","Nürburg","Germany"
735,1962,"Italian Grand Prix","1962-09-16","Autodromo Nazionale di Monza","Monza","Italy"
736,1962,"United States Grand Prix","1962-10-07","Watkins Glen","New York State","USA"
737,1962,"South African Grand Prix","1962-12-29","Prince George Circuit","Eastern Cape Province","South Africa"
738,1961,"Monaco Grand Prix","1961-05-14","Circuit de Monaco","Monte-Carlo","Monaco"
739,1961,"Dutch Grand Prix","1961-05-22","Circuit Park Zandvoort","Zandvoort","Netherlands"
740,1961,"Belgian Grand Prix","1961-06-18","Circuit de Spa-Francorchamps","Spa","Belgium"
741,1961,"French Grand Prix","1961-07-02","Reims-Gueux","Reims","France"
742,1961,"British Grand Prix","1961-07-15","Aintree","Liverpool","UK"
743,1961,"German Grand Prix","1961-08-06","Nürburgring","Nürburg","Germany"
744,1961,"Italian Grand Prix","1961-09-10","Autodromo Nazionale di Monza","Monza","Italy"
745,1961,"United States Grand Prix","1961-10-08","Watkins Glen","New York State","USA"
746,1960,"Argentine Grand Prix","1960-02-07","Autódromo Juan y Oscar Gálvez","Buenos Aires","Argentina"
747,1960,"Monaco Grand Prix","1960-05-29","Circuit de Monaco","Monte-Carlo","Monaco"
748,1960,"Indianapolis 500","1960-05-30","Indianapolis Motor Speedway","Indianapolis","USA"
749,1960,"Dutch Grand Prix","1960-06-06","Circuit Park Zandvoort","Zandvoort","Netherlands"
750,1960,"Belgian Grand Prix","1960-06-19","Circuit de Spa-Francorchamps","Spa","Belgium"
751,1960,"French Grand Prix","1960-07-03","Reims-Gueux","Reims","France"
752,1960,"British Grand Prix","1960-07-16","Silverstone Circuit","Silverstone","UK"
753,1960,"Portuguese Grand Prix","1960-08-14","Circuito da Boavista","Oporto","Portugal"
754,1960,"Italian Grand Prix","1960-09-04","Autodromo Nazionale di Monza","Monza","Italy"
755,1960,"United States Grand Prix","1960-11-20","Riverside International Raceway","California","USA"
756,1959,"Monaco Grand Prix","1959-05-10","Circuit de Monaco","Monte-Carlo","Monaco"
757,1959,"Indianapolis 500","1959-05-30","Indianapolis Motor Speedway","Indianapolis","USA"
758,1959,"Dutch Grand Prix","1959-05-31","Circuit Park Zandvoort","Zandvoort","Netherlands"
759,1959,"French Grand Prix","1959-07-05","Reims-Gueux","Reims","France"
760,1959,"British Grand Prix","1959-07-18","Aintree","Liverpool","UK"
761,1959,"German Grand Prix","1959-08-02","AVUS","Berlin","Germany"
762,1959,"Portuguese Grand Prix","1959-08-23","Monsanto Park Circuit","Lisbon","Portugal"
763,1959,"Italian Grand Prix","1959-09-13","Autodromo Nazionale di Monza","Monza","Italy"
764,1959,"United States Grand Prix","1959-12-12","Sebring International Raceway","Florida","USA"
765,1958,"Argentine Grand Prix","1958-01-19","Autódromo Juan y Oscar Gálvez","Buenos Aires","Argentina"
766,1958,"Monaco Grand Prix","1958-05-18","Circuit de Monaco","Monte-Carlo","Monaco"
767,1958,"Dutch Grand Prix","1958-05-26","Circuit Park Zandvoort","Zandvoort","Netherlands"
768,1958,"Indianapolis 500","1958-05-30","Indianapolis Motor Speedway","Indianapolis","USA"
769,1958,"Belgian Grand Prix","1958-06-15","Circuit de Spa-Francorchamps","Spa","Belgium"
770,1958,"French Grand Prix","1958-07-06","Reims-Gueux","Reims","France"
771,1958,"British Grand Prix","1958-07-19","Silverstone Circuit","Silverstone","UK"
772,1958,"German Grand Prix","1958-08-03","Nürburgring","Nürburg","Germany"
773,1958,"Portuguese Grand Prix","1958-08-24","Circuito da Boavista","Oporto","Portugal"
774,1958,"Italian Grand Prix","1958-09-07","Autodromo Nazionale di Monza","Monza","Italy"
775,1958,"Moroccan Grand Prix","1958-10-19","Ain Diab","Casablanca","Morocco"
776,1957,"Argentine Grand Prix","1957-01-13","Autódromo Juan y Oscar Gálvez","Buenos Aires","Argentina"
777,1957,"Monaco Grand Prix","1957-05-19","Circuit de Monaco","Monte-Carlo","Monaco"
778,1957,"Indianapolis 500","1957-05-30","Indianapolis Motor Speedway","Indianapolis","USA"
779,1957,"French Grand Prix","1957-07-07","Rouen-Les-Essarts","Rouen","France"
780,1957,"British Grand Prix","1957-07-20","Aintree","Liverpool","UK"
781,1957,"German Grand Prix","1957-08-04","Nürburgring","Nürburg","Germany"
782,1957,"Pescara Grand Prix","1957-08-18","Pescara Circuit","Pescara","Italy"
783,1957,"Italian Grand Prix","1957-09-08","Autodromo Nazionale di Monza","Monza","Italy"
784,1956,"Argentine Grand Prix","1956-01-22","Autódromo Juan y Oscar Gálvez","Buenos Aires","Argentina"
785,1956,"Monaco Grand Prix","1956-05-13","Circuit de Monaco","Monte-Carlo","Monaco"
786,1956,"Indianapolis 500","1956-05-30","Indianapolis Motor Speedway","Indianapolis","USA"
787,1956,"Belgian Grand Prix","1956-06-03","Circuit de Spa-Francorchamps","Spa","Belgium"
788,1956,"French Grand Prix","1956-07-01","Reims-Gueux","Reims","France"
789,1956,"British Grand Prix","1956-07-14","Silverstone Circuit","Silverstone","UK"
790,1956,"German Grand Prix","1956-08-05","Nürburgring","Nürburg","Germany"
791,1956,"Italian Grand Prix","1956-09-02","Autodromo Nazionale di Monza","Monza","Italy"
792,1955,"Argentine Grand Prix","1955-01-16","Autódromo Juan y Oscar Gálvez","Buenos Aires","Argentina"
793,1955,"Monaco Grand Prix","1955-05-22","Circuit de Monaco","Monte-Carlo","Monaco"
794,1955,"Indianapolis 500","1955-05-30","Indianapolis Motor Speedway","Indianapolis","USA"
795,1955,"Belgian Grand Prix","1955-06-05","Circuit de Spa-Francorchamps","Spa","Belgium"
796,1955,"Dutch Grand Prix","1955-06-19","Circuit Park Zandvoort","Zandvoort","Netherlands"
797,1955,"British Grand Prix","1955-07-16","Aintree","Liverpool","UK"
798,1955,"Italian Grand Prix","1955-09-11","Autodromo Nazionale di Monza","Monza","Italy"
799,1954,"Argentine Grand Prix","1954-01-17","Autódromo Juan y Oscar Gálvez","Buenos Aires","Argentina"
800,1954,"Indianapolis 500","1954-05-31","Indianapolis Motor Speedway","Indianapolis","USA"
801,1954,"Belgian Grand Prix","1954-06-20","Circuit de Spa-Francorchamps","Spa","Belgium"
802,1954,"French Grand Prix","1954-07-04","Reims-Gueux","Reims","France"
803,1954,"British Grand Prix","1954-07-17","Silverstone Circuit","Silverstone","UK"
804,1954,"German Grand Prix","1954-08-01","Nürburgring","Nürburg","Germany"
805,1954,"Swiss Grand Prix","1954-08-22","Circuit Bremgarten","Bern","Switzerland"
806,1954,"Italian Grand Prix","1954-09-05","Autodromo Nazionale di Monza","Monza","Italy"
807,1954,"Spanish Grand Prix","1954-10-24","Circuit de Pedralbes","Barcelona","Spain"
808,1953,"Argentine Grand Prix","1953-01-18","Autódromo Juan y Oscar Gálvez","Buenos Aires","Argentina"
809,1953,"Indianapolis 500","1953-05-30","Indianapolis Motor Speedway","Indianapolis","USA"
810,1953,"Dutch Grand Prix","1953-06-07","Circuit Park Zandvoort","Zandvoort","Netherlands"
811,1953,"Belgian Grand Prix","1953-06-21","Circuit de Spa-Francorchamps","Spa","Belgium"
812,1953,"French Grand Prix","1953-07-05","Reims-Gueux","Reims","France"
813,1953,"British Grand Prix","1953-07-18","Silverstone Circuit","Silverstone","UK"
814,1953,"German Grand Prix","1953-08-02","Nürburgring","Nürburg","Germany"
815,1953,"Swiss Grand Prix","1953-08-23","Circuit Bremgarten","Bern","Switzerland"
816,1953,"Italian Grand Prix","1953-09-13","Autodromo Nazionale di Monza","Monza","Italy"
817,1952,"Swiss Grand Prix","1952-05-18","Circuit Bremgarten","Bern","Switzerland"
818,1952,"Indianapolis 500","1952-05-30","Indianapolis Motor Speedway","Indianapolis","USA"
819,1952,"Belgian Grand Prix","1952-06-22","Circuit de Spa-Francorchamps","Spa","Belgium"
820,1952,"French Grand Prix","1952-07-06","Rouen-Les-Essarts","Rouen","France"
821,1952,"British Grand Prix","1952-07-19","Silverstone Circuit","Silverstone","UK"
822,1952,"German Grand Prix","1952-08-03","Nürburgring","Nürburg","Germany"
823,1952,"Dutch Grand Prix","1952-08-17","Circuit Park Zandvoort","Zandvoort","Netherlands"
824,1952,"Italian Grand Prix","1952-09-07","Autodromo Nazionale di Monza","Monza","Italy"
825,1951,"Swiss Grand Prix","1951-05-27","Circuit Bremgarten","Bern","Switzerland"
826,1951,"Indianapolis 500","1951-05-30","Indianapolis Motor Speedway","Indianapolis","USA"
827,1951,"Belgian Grand Prix","1951-06-17","Circuit de Spa-Francorchamps","Spa","Belgium"
828,1951,"French Grand Prix","1951-07-01","Reims-Gueux","Reims","France"
829,1951,"British Grand Prix","1951-07-14","Silverstone Circuit","Silverstone","UK"
830,1951,"German Grand Prix","1951-07-29","Nürburgring","Nürburg","Germany"
831,1951,"Italian Grand Prix","1951-09-16","Autodromo Nazionale di Monza","Monza","Italy"
832,1951,"Spanish Grand Prix","1951-10-28","Circuit de Pedralbes","Barcelona","Spain"
833,1950,"British Grand Prix","1950-05-13","Silverstone Circuit","Silverstone","UK"
834,1950,"Monaco Grand Prix","1950-05-21","Circuit de Monaco","Monte-Carlo","Monaco"
835,1950,"Indianapolis 500","1950-05-30","Indianapolis Motor Speedway","Indianapolis","USA"
836,1950,"Swiss Grand Prix","1950-06-04","Circuit Bremgarten","Bern","Switzerland"
837,1950,"Belgian Grand Prix","1950-06-18","Circuit de Spa-Francorchamps","Spa","Belgium"
838,1950,"French Grand Prix","1950-07-02","Reims-Gueux","Reims","France"
839,1950,"Italian Grand Prix","1950-09-03","Autodromo Nazionale di Monza","Monza","Italy"
841,2011,"Australian Grand Prix","2011-03-27","Albert Park Grand Prix Circuit","Melbourne","Australia"
842,2011,"Malaysian Grand Prix","2011-04-10","Sepang International Circuit","Kuala Lumpur","Malaysia"
843,2011,"Chinese Grand Prix","2011-04-17","Shanghai International Circuit","Shanghai","China"
844,2011,"Turkish Grand Prix","2011-05-08","Istanbul Park","Istanbul","Turkey"
845,2011,"Spanish Grand Prix","2011-05-22","Circuit de Barcelona-Catalunya","Montmeló","Spain"
846,2011,"Monaco Grand Prix","2011-05-29","Circuit de Monaco","Monte-Carlo","Monaco"
847,2011,"Canadian Grand Prix","2011-06-12","Circuit Gilles Villeneuve","Montreal","Canada"
848,2011,"European Grand Prix","2011-06-26","Valencia Street Circuit","Valencia","Spain"
849,2011,"British Grand Prix","2011-07-10","Silverstone Circuit","Silverstone","UK"
850,2011,"German Grand Prix","2011-07-24","Nürburgring","Nürburg","Germany"
851,2011,"Hungarian Grand Prix","2011-07-31","Hungaroring","Budapest","Hungary"
852,2011,"Belgian Grand Prix","2011-08-28","Circuit de Spa-Francorchamps","Spa","Belgium"
853,2011,"Italian Grand Prix","2011-09-11","Autodromo Nazionale di Monza","Monza","Italy"
854,2011,"Singapore Grand Prix","2011-09-25","Marina Bay Street Circuit","Marina Bay","Singapore"
855,2011,"Japanese Grand Prix","2011-10-09","Suzuka Circuit","Suzuka","Japan"
856,2011,"Korean Grand Prix","2011-10-16","Korean International Circuit","Yeongam County","Korea"
857,2011,"Indian Grand Prix","2011-10-30","Buddh International Circuit","Uttar Pradesh","India"
858,2011,"Abu Dhabi Grand Prix","2011-11-13","Yas Marina Circuit","Abu Dhabi","UAE"
859,2011,"Brazilian Grand Prix","2011-11-27","Autódromo José Carlos Pace","São Paulo","Brazil"
860,2012,"Australian Grand Prix","2012-03-18","Albert Park Grand Prix Circuit","Melbourne","Australia"
861,2012,"Malaysian Grand Prix","2012-03-25","Sepang International Circuit","Kuala Lumpur","Malaysia"
862,2012,"Chinese Grand Prix","2012-04-15","Shanghai International Circuit","Shanghai","China"
863,2012,"Bahrain Grand Prix","2012-04-22","Bahrain International Circuit","Sakhir","Bahrain"
864,2012,"Spanish Grand Prix","2012-05-13","Circuit de Barcelona-Catalunya","Montmeló","Spain"
865,2012,"Monaco Grand Prix","2012-05-27","Circuit de Monaco","Monte-Carlo","Monaco"
866,2012,"Canadian Grand Prix","2012-06-10","Circuit Gilles Villeneuve","Montreal","Canada"
867,2012,"European Grand Prix","2012-06-24","Valencia Street Circuit","Valencia","Spain"
868,2012,"British Grand Prix","2012-07-08","Silverstone Circuit","Silverstone","UK"
869,2012,"German Grand Prix","2012-07-22","Hockenheimring","Hockenheim","Germany"
870,2012,"Hungarian Grand Prix","2012-07-29","Hungaroring","Budapest","Hungary"
871,2012,"Belgian Grand Prix","2012-09-02","Circuit de Spa-Francorchamps","Spa","Belgium"
872,2012,"Italian Grand Prix","2012-09-09","Autodromo Nazionale di Monza","Monza","Italy"
873,2012,"Singapore Grand Prix","2012-09-23","Marina Bay Street Circuit","Marina Bay","Singapore"
874,2012,"Japanese Grand Prix","2012-10-07","Suzuka Circuit","Suzuka","Japan"
875,2012,"Korean Grand Prix","2012-10-14","Korean International Circuit","Yeongam County","Korea"
876,2012,"Indian Grand Prix","2012-10-28","Buddh International Circuit","Uttar Pradesh","India"
877,2012,"Abu Dhabi Grand Prix","2012-11-04","Yas Marina Circuit","Abu Dhabi","UAE"
878,2012,"United States Grand Prix","2012-11-18","Circuit of the Americas","Austin","USA"
879,2012,"Brazilian Grand Prix","2012-11-25","Autódromo José Carlos Pace","São Paulo","Brazil"
880,2013,"Australian Grand Prix","2013-03-17","Albert Park Grand Prix Circuit","Melbourne","Australia"
881,2013,"Malaysian Grand Prix","2013-03-24","Sepang International Circuit","Kuala Lumpur","Malaysia"
882,2013,"Chinese Grand Prix","2013-04-14","Shanghai International Circuit","Shanghai","China"
883,2013,"Bahrain Grand Prix","2013-04-21","Bahrain International Circuit","Sakhir","Bahrain"
884,2013,"Spanish Grand Prix","2013-05-12","Circuit de Barcelona-Catalunya","Montmeló","Spain"
885,2013,"Monaco Grand Prix","2013-05-26","Circuit de Monaco","Monte-Carlo","Monaco"
886,2013,"Canadian Grand Prix","2013-06-09","Circuit Gilles Villeneuve","Montreal","Canada"
887,2013,"British Grand Prix","2013-06-30","Silverstone Circuit","Silverstone","UK"
888,2013,"German Grand Prix","2013-07-07","Nürburgring","Nürburg","Germany"
890,2013,"Hungarian Grand Prix","2013-07-28","Hungaroring","Budapest","Hungary"
891,2013,"Belgian Grand Prix","2013-08-25","Circuit de Spa-Francorchamps","Spa","Belgium"
892,2013,"Italian Grand Prix","2013-09-08","Autodromo Nazionale di Monza","Monza","Italy"
893,2013,"Singapore Grand Prix","2013-09-22","Marina Bay Street Circuit","Marina Bay","Singapore"
894,2013,"Korean Grand Prix","2013-10-06","Korean International Circuit","Yeongam County","Korea"
895,2013,"Japanese Grand Prix","2013-10-13","Suzuka Circuit","Suzuka","Japan"
896,2013,"Indian Grand Prix","2013-10-27","Buddh International Circuit","Uttar Pradesh","India"
897,2013,"Abu Dhabi Grand Prix","2013-11-03","Yas Marina Circuit","Abu Dhabi","UAE"
898,2013,"United States Grand Prix","2013-11-17","Circuit of the Americas","Austin","USA"
899,2013,"Brazilian Grand Prix","2013-11-24","Autódromo José Carlos Pace","São Paulo","Brazil"
900,2014,"Australian Grand Prix","2014-03-16","Albert Park Grand Prix Circuit","Melbourne","Australia"
901,2014,"Malaysian Grand Prix","2014-03-30","Sepang International Circuit","Kuala Lumpur","Malaysia"
902,2014,"Bahrain Grand Prix","2014-04-06","Bahrain International Circuit","Sakhir","Bahrain"
903,2014,"Chinese Grand Prix","2014-04-20","Shanghai International Circuit","Shanghai","China"
904,2014,"Spanish Grand Prix","2014-05-11","Circuit de Barcelona-Catalunya","Montmeló","Spain"
905,2014,"Monaco Grand Prix","2014-05-25","Circuit de Monaco","Monte-Carlo","Monaco"
906,2014,"Canadian Grand Prix","2014-06-08","Circuit Gilles Villeneuve","Montreal","Canada"
907,2014,"Austrian Grand Prix","2014-06-22","Red Bull Ring","Spielburg","Austria"
908,2014,"British Grand Prix","2014-07-06","Silverstone Circuit","Silverstone","UK"
909,2014,"German Grand Prix","2014-07-20","Hockenheimring","Hockenheim","Germany"
910,2014,"Hungarian Grand Prix","2014-07-27","Hungaroring","Budapest","Hungary"
911,2014,"Belgian Grand Prix","2014-08-24","Circuit de Spa-Francorchamps","Spa","Belgium"
912,2014,"Italian Grand Prix","2014-09-07","Autodromo Nazionale di Monza","Monza","Italy"
913,2014,"Singapore Grand Prix","2014-09-21","Marina Bay Street Circuit","Marina Bay","Singapore"
914,2014,"Japanese Grand Prix","2014-10-05","Suzuka Circuit","Suzuka","Japan"
915,2014,"Russian Grand Prix","2014-10-12","Sochi Autodrom","Sochi","Russia"
916,2014,"United States Grand Prix","2014-11-02","Circuit of the Americas","Austin","USA"
917,2014,"Brazilian Grand Prix","2014-11-09","Autódromo José Carlos Pace","São Paulo","Brazil"
918,2014,"Abu Dhabi Grand Prix","2014-11-23","Yas Marina Circuit","Abu Dhabi","UAE"
931,2015,"Monaco Grand Prix","2015-05-24","Circuit de Monaco","Monte-Carlo","Monaco"
932,2015,"Canadian Grand Prix","2015-06-07","Circuit Gilles Villeneuve","Montreal","Canada"
929,2015,"Bahrain Grand Prix","2015-04-19","Bahrain International Circuit","Sakhir","Bahrain"
930,2015,"Spanish Grand Prix","2015-05-10","Circuit de Barcelona-Catalunya","Montmeló","Spain"
928,2015,"Chinese Grand Prix","2015-04-12","Shanghai International Circuit","Shanghai","China"
926,2015,"Australian Grand Prix","2015-03-15","Albert Park Grand Prix Circuit","Melbourne","Australia"
927,2015,"Malaysian Grand Prix","2015-03-29","Sepang International Circuit","Kuala Lumpur","Malaysia"
933,2015,"Austrian Grand Prix","2015-06-21","Red Bull Ring","Spielburg","Austria"
934,2015,"British Grand Prix","2015-07-05","Silverstone Circuit","Silverstone","UK"
936,2015,"Hungarian Grand Prix","2015-07-26","Hungaroring","Budapest","Hungary"
937,2015,"Belgian Grand Prix","2015-08-23","Circuit de Spa-Francorchamps","Spa","Belgium"
938,2015,"Italian Grand Prix","2015-09-06","Autodromo Nazionale di Monza","Monza","Italy"
939,2015,"Singapore Grand Prix","2015-09-20","Marina Bay Street Circuit","Marina Bay","Singapore"
940,2015,"Japanese Grand Prix","2015-09-27","Suzuka Circuit","Suzuka","Japan"
941,2015,"Russian Grand Prix","2015-10-11","Sochi Autodrom","Sochi","Russia"
942,2015,"United States Grand Prix","2015-10-25","Circuit of the Americas","Austin","USA"
943,2015,"Mexican Grand Prix","2015-11-01","Autódromo Hermanos Rodríguez","Mexico City","Mexico"
944,2015,"Brazilian Grand Prix","2015-11-15","Autódromo José Carlos Pace","São Paulo","Brazil"
945,2015,"Abu Dhabi Grand Prix","2015-11-29","Yas Marina Circuit","Abu Dhabi","UAE"
948,2016,"Australian Grand Prix","2016-03-20","Albert Park Grand Prix Circuit","Melbourne","Australia"
949,2016,"Bahrain Grand Prix","2016-04-03","Bahrain International Circuit","Sakhir","Bahrain"
950,2016,"Chinese Grand Prix","2016-04-17","Shanghai International Circuit","Shanghai","China"
951,2016,"Russian Grand Prix","2016-05-01","Sochi Autodrom","Sochi","Russia"
952,2016,"Spanish Grand Prix","2016-05-15","Circuit de Barcelona-Catalunya","Montmeló","Spain"
953,2016,"Monaco Grand Prix","2016-05-29","Circuit de Monaco","Monte-Carlo","Monaco"
954,2016,"Canadian Grand Prix","2016-06-12","Circuit Gilles Villeneuve","Montreal","Canada"
955,2016,"European Grand Prix","2016-06-19","Baku City Circuit","Baku","Azerbaijan"
956,2016,"Austrian Grand Prix","2016-07-03","Red Bull Ring","Spielburg","Austria"
957,2016,"British Grand Prix","2016-07-10","Silverstone Circuit","Silverstone","UK"
958,2016,"Hungarian Grand Prix","2016-07-24","Hungaroring","Budapest","Hungary"
959,2016,"German Grand Prix","2016-07-31","Hockenheimring","Hockenheim","Germany"
960,2016,"Belgian Grand Prix","2016-08-28","Circuit de Spa-Francorchamps","Spa","Belgium"
961,2016,"Italian Grand Prix","2016-09-04","Autodromo Nazionale di Monza","Monza","Italy"
962,2016,"Singapore Grand Prix","2016-09-18","Marina Bay Street Circuit","Marina Bay","Singapore"
963,2016,"Malaysian Grand Prix","2016-10-02","Sepang International Circuit","Kuala Lumpur","Malaysia"
964,2016,"Japanese Grand Prix","2016-10-09","Suzuka Circuit","Suzuka","Japan"
965,2016,"United States Grand Prix","2016-10-23","Circuit of the Americas","Austin","USA"
966,2016,"Mexican Grand Prix","2016-10-30","Autódromo Hermanos Rodríguez","Mexico City","Mexico"
967,2016,"Brazilian Grand Prix","2016-11-13","Autódromo José Carlos Pace","São Paulo","Brazil"
968,2016,"Abu Dhabi Grand Prix","2016-11-27","Yas Marina Circuit","Abu Dhabi","UAE"
969,2017,"Australian Grand Prix","2017-03-26","Albert Park Grand Prix Circuit","Melbourne","Australia"
970,2017,"Chinese Grand Prix","2017-04-09","Shanghai International Circuit","Shanghai","China"
971,2017,"Bahrain Grand Prix","2017-04-16","Bahrain International Circuit","Sakhir","Bahrain"
972,2017,"Russian Grand Prix","2017-04-30","Sochi Autodrom","Sochi","Russia"
973,2017,"Spanish Grand Prix","2017-05-14","Circuit de Barcelona-Catalunya","Montmeló","Spain"
974,2017,"Monaco Grand Prix","2017-05-28","Circuit de Monaco","Monte-Carlo","Monaco"
975,2017,"Canadian Grand Prix","2017-06-11","Circuit Gilles Villeneuve","Montreal","Canada"
976,2017,"Azerbaijan Grand Prix","2017-06-25","Baku City Circuit","Baku","Azerbaijan"
977,2017,"Austrian Grand Prix","2017-07-09","Red Bull Ring","Spielburg","Austria"
978,2017,"British Grand Prix","2017-07-16","Silverstone Circuit","Silverstone","UK"
979,2017,"Hungarian Grand Prix","2017-07-30","Hungaroring","Budapest","Hungary"
980,2017,"Belgian Grand Prix","2017-08-27","Circuit de Spa-Francorchamps","Spa","Belgium"
981,2017,"Italian Grand Prix","2017-09-03","Autodromo Nazionale di Monza","Monza","Italy"
982,2017,"Singapore Grand Prix","2017-09-17","Marina Bay Street Circuit","Marina Bay","Singapore"
983,2017,"Malaysian Grand Prix","2017-10-01","Sepang International Circuit","Kuala Lumpur","Malaysia"
984,2017,"Japanese Grand Prix","2017-10-08","Suzuka Circuit","Suzuka","Japan"
985,2017,"United States Grand Prix","2017-10-22","Circuit of the Americas","Austin","USA"
986,2017,"Mexican Grand Prix","2017-10-29","Autódromo Hermanos Rodríguez","Mexico City","Mexico"
987,2017,"Brazilian Grand Prix","2017-11-12","Autódromo José Carlos Pace","São Paulo","Brazil"
988,2017,"Abu Dhabi Grand Prix","2017-11-26","Yas Marina Circuit","Abu Dhabi","UAE"
989,2018,"Australian Grand Prix","2018-03-25","Albert Park Grand Prix Circuit","Melbourne","Australia"
990,2018,"Bahrain Grand Prix","2018-04-08","Bahrain International Circuit","Sakhir","Bahrain"
991,2018,"Chinese Grand Prix","2018-04-15","Shanghai International Circuit","Shanghai","China"
992,2018,"Azerbaijan Grand Prix","2018-04-29","Baku City Circuit","Baku","Azerbaijan"
993,2018,"Spanish Grand Prix","2018-05-13","Circuit de Barcelona-Catalunya","Montmeló","Spain"
994,2018,"Monaco Grand Prix","2018-05-27","Circuit de Monaco","Monte-Carlo","Monaco"
995,2018,"Canadian Grand Prix","2018-06-10","Circuit Gilles Villeneuve","Montreal","Canada"
996,2018,"French Grand Prix","2018-06-24","Circuit Paul Ricard","Le Castellet","France"
997,2018,"Austrian Grand Prix","2018-07-01","Red Bull Ring","Spielburg","Austria"
998,2018,"British Grand Prix","2018-07-08","Silverstone Circuit","Silverstone","UK"
999,2018,"German Grand Prix","2018-07-22","Hockenheimring","Hockenheim","Germany"
1000,2018,"Hungarian Grand Prix","2018-07-29","Hungaroring","Budapest","Hungary"
1001,2018,"Belgian Grand Prix","2018-08-26","Circuit de Spa-Francorchamps","Spa","Belgium"
1002,2018,"Italian Grand Prix","2018-09-02","Autodromo Nazionale di Monza","Monza","Italy"
1003,2018,"Singapore Grand Prix","2018-09-16","Marina Bay Street Circuit","Marina Bay","Singapore"
1004,2018,"Russian Grand Prix","2018-09-30","Sochi Autodrom","Sochi","Russia"
1005,2018,"Japanese Grand Prix","2018-10-07","Suzuka Circuit","Suzuka","Japan"
1006,2018,"United States Grand Prix","2018-10-21","Circuit of the Americas","Austin","USA"
1007,2018,"Mexican Grand Prix","2018-10-28","Autódromo Hermanos Rodríguez","Mexico City","Mexico"
1008,2018,"Brazilian Grand Prix","2018-11-11","Autódromo José Carlos Pace","São Paulo","Brazil"
1009,2018,"Abu Dhabi Grand Prix","2018-11-25","Yas Marina Circuit","Abu Dhabi","UAE"
1010,2019,"Australian Grand Prix","2019-03-17","Albert Park Grand Prix Circuit","Melbourne","Australia"
1011,2019,"Bahrain Grand Prix","2019-03-31","Bahrain International Circuit","Sakhir","Bahrain"
1012,2019,"Chinese Grand Prix","2019-04-14","Shanghai International Circuit","Shanghai","China"
1013,2019,"Azerbaijan Grand Prix","2019-04-28","Baku City Circuit","Baku","Azerbaijan"
1014,2019,"Spanish Grand Prix","2019-05-12","Circuit de Barcelona-Catalunya","Montmeló","Spain"
1015,2019,"Monaco Grand Prix","2019-05-26","Circuit de Monaco","Monte-Carlo","Monaco"
1016,2019,"Canadian Grand Prix","2019-06-09","Circuit Gilles Villeneuve","Montreal","Canada"
1017,2019,"French Grand Prix","2019-06-23","Circuit Paul Ricard","Le Castellet","France"
1018,2019,"Austrian Grand Prix","2019-06-30","Red Bull Ring","Spielburg","Austria"
1019,2019,"British Grand Prix","2019-07-14","Silverstone Circuit","Silverstone","UK"
1020,2019,"German Grand Prix","2019-07-28","Hockenheimring","Hockenheim","Germany"
1021,2019,"Hungarian Grand Prix","2019-08-04","Hungaroring","Budapest","Hungary"
1022,2019,"Belgian Grand Prix","2019-09-01","Circuit de Spa-Francorchamps","Spa","Belgium"
1023,2019,"Italian Grand Prix","2019-09-08","Autodromo Nazionale di Monza","Monza","Italy"
1024,2019,"Singapore Grand Prix","2019-09-22","Marina Bay Street Circuit","Marina Bay","Singapore"
1025,2019,"Russian Grand Prix","2019-09-29","Sochi Autodrom","Sochi","Russia"
1026,2019,"Japanese Grand Prix","2019-10-13","Suzuka Circuit","Suzuka","Japan"
1027,2019,"Mexican Grand Prix","2019-10-27","Autódromo Hermanos Rodríguez","Mexico City","Mexico"
1028,2019,"United States Grand Prix","2019-11-03","Circuit of the Americas","Austin","USA"
1029,2019,"Brazilian Grand Prix","2019-11-17","Autódromo José Carlos Pace","São Paulo","Brazil"
1030,2019,"Abu Dhabi Grand Prix","2019-12-01","Yas Marina Circuit","Abu Dhabi","UAE"
1031,2020,"Austrian Grand Prix","2020-07-05","Red Bull Ring","Spielburg","Austria"
1032,2020,"Styrian Grand Prix","2020-07-12","Red Bull Ring","Spielburg","Austria"
1033,2020,"Hungarian Grand Prix","2020-07-19","Hungaroring","Budapest","Hungary"
1034,2020,"British Grand Prix","2020-08-02","Silverstone Circuit","Silverstone","UK"
1035,2020,"70th Anniversary Grand Prix","2020-08-09","Silverstone Circuit","Silverstone","UK"
1036,2020,"Spanish Grand Prix","2020-08-16","Circuit de Barcelona-Catalunya","Montmeló","Spain"
1037,2020,"Belgian Grand Prix","2020-08-30","Circuit de Spa-Francorchamps","Spa","Belgium"
1038,2020,"Italian Grand Prix","2020-09-06","Autodromo Nazionale di Monza","Monza","Italy"
1039,2020,"Tuscan Grand Prix","2020-09-13","Autodromo Internazionale del Mugello","Mugello","Italy"
1040,2020,"Russian Grand Prix","2020-09-27","Sochi Autodrom","Sochi","Russia"
1041,2020,"Eifel Grand Prix","2020-10-11","Nürburgring","Nürburg","Germany"
1042,2020,"Portuguese Grand Prix","2020-10-25","Autódromo Internacional do Algarve","Portimão","Portugal"
1043,2020,"Emilia Romagna Grand Prix","2020-11-01","Autodromo Enzo e Dino Ferrari","Imola","Italy"
1044,2020,"Turkish Grand Prix","2020-11-15","Istanbul Park","Istanbul","Turkey"
1045,2020,"Bahrain Grand Prix","2020-11-29","Bahrain International Circuit","Sakhir","Bahrain"
1046,2020,"Sakhir Grand Prix","2020-12-06","Bahrain International Circuit","Sakhir","Bahrain"
1047,2020,"Abu Dhabi Grand Prix","2020-12-13","Yas Marina Circuit","Abu Dhabi","UAE"
1053,2021,"Emilia Romagna Grand Prix","2021-04-18","Autodromo Enzo e Dino Ferrari","Imola","Italy"
1052,2021,"Bahrain Grand Prix","2021-03-28","Bahrain International Circuit","Sakhir","Bahrain"
1051,2021,"Australian Grand Prix","2021-11-21","Albert Park Grand Prix Circuit","Melbourne","Australia"
1054,2021,"Portuguese Grand Prix","2021-05-02","Autódromo Internacional do Algarve","Portimão","Portugal"
1055,2021,"Spanish Grand Prix","2021-05-09","Circuit de Barcelona-Catalunya","Montmeló","Spain"
1056,2021,"Monaco Grand Prix","2021-05-23","Circuit de Monaco","Monte-Carlo","Monaco"
1057,2021,"Azerbaijan Grand Prix","2021-06-06","Baku City Circuit","Baku","Azerbaijan"
1058,2021,"Styrian Grand Prix","2021-06-27","Red Bull Ring","Spielburg","Austria"
1059,2021,"French Grand Prix","2021-06-20","Circuit Paul Ricard","Le Castellet","France"
1060,2021,"Austrian Grand Prix","2021-07-04","Red Bull Ring","Spielburg","Austria"
1061,2021,"British Grand Prix","2021-07-18","Silverstone Circuit","Silverstone","UK"
1062,2021,"Hungarian Grand Prix","2021-08-01","Hungaroring","Budapest","Hungary"
1063,2021,"Belgian Grand Prix","2021-08-29","Circuit de Spa-Francorchamps","Spa","Belgium"
1064,2021,"Dutch Grand Prix","2021-09-05","Circuit Park Zandvoort","Zandvoort","Netherlands"
1065,2021,"Italian Grand Prix","2021-09-12","Autodromo Nazionale di Monza","Monza","Italy"
1066,2021,"Russian Grand Prix","2021-09-26","Sochi Autodrom","Sochi","Russia"
1067,2021,"Singapore Grand Prix","2021-10-03","Marina Bay Street Circuit","Marina Bay","Singapore"
1068,2021,"Japanese Grand Prix","2021-10-10","Suzuka Circuit","Suzuka","Japan"
1069,2021,"United States Grand Prix","2021-10-24","Circuit of the Americas","Austin","USA"
1070,2021,"Mexico City Grand Prix","2021-10-31","Autódromo Hermanos Rodríguez","Mexico City","Mexico"
1071,2021,"Brazilian Grand Prix","2021-11-07","Autódromo José Carlos Pace","São Paulo","Brazil"
1072,2021,"Saudi Arabian Grand Prix","2021-12-05","Jeddah Street Circuit","Jeddah","Saudi Arabia"
1073,2021,"Abu Dhabi Grand Prix","2021-12-12","Yas Marina Circuit","Abu Dhabi","UAE"
