"ID_PILOTO","ID_CONSTRUTOR","NUMERO_PILOTO","CODIGO_PILOTO","NOME_PILOTO","SOBRENOME_PILOTO","NACIONALIDADE_PILOTO"
1,1,"44","HAM","Lewis","Hamilton","British"
2,2,"\N","HEI","Nick","Heidfeld","German"
3,3,"6","ROS","Nico","Rosberg","German"
4,4,"14","ALO","Fernando","Alonso","Spanish"
5,5,"\N","KOV","Heikki","Kovalainen","Finnish"
6,6,"\N","NAK","Kazuki","Nakajima","Japanese"
7,7,"\N","BOU","Sébastien","Bourdais","French"
8,8,"7","RAI","Kimi","Räikkönen","Finnish"
9,9,"88","KUB","Robert","Kubica","Polish"
10,10,"\N","GLO","Timo","Glock","German"
11,11,"\N","SAT","Takuma","Sato","Japanese"
12,12,"\N","PIQ","Nelson","Piquet Jr.","Brazilian"
13,13,"19","MAS","Felipe","Massa","Brazilian"
14,14,"\N","COU","David","Coulthard","British"
15,15,"\N","TRU","Jarno","Trulli","Italian"
16,16,"99","SUT","Adrian","Sutil","German"
17,17,"\N","WEB","Mark","Webber","Australian"
18,18,"22","BUT","Jenson","Button","British"
19,19,"\N","DAV","Anthony","Davidson","British"
20,20,"5","VET","Sebastian","Vettel","German"
21,21,"\N","FIS","Giancarlo","Fisichella","Italian"
22,22,"\N","BAR","Rubens","Barrichello","Brazilian"
23,23,"\N","SCH","Ralf","Schumacher","German"
24,24,"\N","LIU","Vitantonio","Liuzzi","Italian"
25,25,"\N","WUR","Alexander","Wurz","Austrian"
26,26,"\N","SPE","Scott","Speed","American"
27,27,"\N","ALB","Christijan","Albers","Dutch"
28,28,"\N","WIN","Markus","Winkelhock","German"
29,29,"\N","YAM","Sakon","Yamamoto","Japanese"
30,30,"\N","MSC","Michael","Schumacher","German"
31,31,"\N","MON","Juan","Pablo Montoya","Colombian"
32,32,"\N","KLI","Christian","Klien","Austrian"
33,33,"\N","TMO","Tiago","Monteiro","Portuguese"
34,34,"\N","IDE","Yuji","Ide","Japanese"
35,35,"\N","VIL","Jacques","Villeneuve","Canadian"
36,36,"\N","FMO","Franck","Montagny","French"
37,37,"\N","DLR","Pedro","de la Rosa","Spanish"
38,38,"\N","DOO","Robert","Doornbos","Dutch"
39,39,"\N","KAR","Narain","Karthikeyan","Indian"
40,40,"\N","FRI","Patrick","Friesacher","Austrian"
41,41,"\N","ZON","Ricardo","Zonta","Brazilian"
42,42,"\N","PIZ","Antônio","Pizzonia","Brazilian"
43,44,"\N","\N ","Cristiano","da Matta","Brazilian"
44,45,"\N","\N ","Olivier","Panis","French"
45,46,"\N","\N ","Giorgio","Pantano","Italian"
46,47,"\N","\N ","Gianmaria","Bruni","Italian"
47,48,"\N","\N ","Zsolt","Baumgartner","Hungarian"
48,49,"\N","\N ","Marc","Gené","Spanish"
49,50,"\N","\N ","Heinz-Harald","Frentzen","German"
50,51,"\N","\N ","Jos","Verstappen","Dutch"
51,52,"\N","\N ","Justin","Wilson","British"
52,53,"\N","\N ","Ralph","Firman","Irish"
53,54,"\N","\N ","Nicolas","Kiesa","Danish"
54,55,"\N","\N ","Luciano","Burti","Brazilian"
55,56,"\N","\N ","Jean","Alesi","French"
56,57,"\N","\N ","Eddie","Irvine","British"
57,58,"\N","\N ","Mika","Häkkinen","Finnish"
58,59,"\N","\N ","Tarso","Marques","Brazilian"
59,60,"\N","\N ","Enrique","Bernoldi","Brazilian"
60,61,"\N","\N ","Gastón","Mazzacane","Argentine"
61,62,"\N","\N ","Tomáš","Enge","Czech"
62,63,"\N","\N ","Alex","Yoong","Malaysian"
63,64,"\N","\N ","Mika","Salo","Finnish"
64,65,"\N","\N ","Pedro","Diniz","Brazilian"
65,66,"\N","\N ","Johnny","Herbert","British"
66,67,"\N","\N ","Allan","McNish","British"
67,68,"\N","BUE","Sébastien","Buemi","Swiss"
68,69,"\N","\N ","Toranosuke","Takagi","Japanese"
69,70,"\N","BAD","Luca","Badoer","Italian"
70,71,"\N","\N ","Alessandro","Zanardi","Italian"
71,72,"\N","\N ","Damon","Hill","British"
72,73,"\N","\N ","Stéphane","Sarrazin","French"
73,74,"\N","\N ","Ricardo","Rosset","Brazilian"
74,75,"\N","\N ","Esteban","Tuero","Argentine"
75,76,"\N","\N ","Shinji","Nakano","Japanese"
76,77,"\N","MAG","Jan","Magnussen","Danish"
77,78,"\N","\N ","Gerhard","Berger","Austrian"
78,79,"\N","\N ","Nicola","Larini","Italian"
79,80,"\N","\N ","Ukyo","Katayama","Japanese"
80,81,"\N","\N ","Vincenzo","Sospiri","Italian"
81,82,"\N","\N ","Gianni","Morbidelli","Italian"
82,83,"\N","\N ","Norberto","Fontana","Argentine"
83,84,"\N","\N ","Pedro","Lamy","Portuguese"
84,85,"\N","\N ","Martin","Brundle","British"
85,86,"\N","\N ","Andrea","Montermini","Italian"
86,87,"\N","\N ","Giovanni","Lavaggi","Italian"
87,88,"\N","\N ","Mark","Blundell","British"
88,89,"\N","\N ","Aguri","Suzuki","Japanese"
89,90,"\N","\N ","Taki","Inoue","Japanese"
90,91,"\N","\N ","Roberto","Moreno","Brazilian"
91,92,"\N","\N ","Karl","Wendlinger","Austrian"
92,93,"\N","\N ","Bertrand","Gachot","Belgian"
93,94,"\N","\N ","Domenico","Schiattarella","Italian"
94,95,"\N","\N ","Pierluigi","Martini","Italian"
95,96,"\N","\N ","Nigel","Mansell","British"
96,97,"\N","\N ","Jean-Christophe","Boullion","French"
97,98,"\N","\N ","Massimiliano","Papis","Italian"
98,99,"\N","\N ","Jean-Denis","Délétraz","Swiss"
99,100,"\N","\N ","Gabriele","Tarquini","Italian"
100,101,"\N","\N ","Érik","Comas","French"
101,102,"\N","\N ","David","Brabham","Australian"
102,103,"\N","\N ","Ayrton","Senna","Brazilian"
103,104,"\N","\N ","Éric","Bernard","French"
104,105,"\N","\N ","Christian","Fittipaldi","Brazilian"
105,106,"\N","\N ","Michele","Alboreto","Italian"
106,107,"\N","\N ","Olivier","Beretta","Monegasque"
107,108,"\N","\N ","Roland","Ratzenberger","Austrian"
108,109,"\N","\N ","Paul","Belmondo","French"
109,110,"\N","\N ","Jyrki","Järvilehto","Finnish"
110,111,"\N","\N ","Andrea","de Cesaris","Italian"
111,112,"\N","\N ","Jean-Marc","Gounon","French"
112,113,"\N","\N ","Philippe","Alliot","French"
113,114,"\N","\N ","Philippe","Adams","Belgian"
114,115,"\N","\N ","Yannick","Dalmas","French"
115,116,"\N","\N ","Hideki","Noda","Japanese"
116,117,"\N","\N ","Franck","Lagorce","French"
117,118,"\N","\N ","Alain","Prost","French"
118,119,"\N","\N ","Derek","Warwick","British"
119,120,"\N","\N ","Riccardo","Patrese","Italian"
120,121,"\N","\N ","Fabrizio","Barbazza","Italian"
121,122,"\N","\N ","Michael","Andretti","American"
122,123,"\N","\N ","Ivan","Capelli","Italian"
123,124,"\N","\N ","Thierry","Boutsen","Belgian"
124,125,"\N","\N ","Marco","Apicella","Italian"
125,126,"\N","\N ","Emanuele","Naspetti","Italian"
126,127,"\N","\N ","Toshio","Suzuki","Japanese"
127,128,"\N","\N ","Maurício","Gugelmin","Brazilian"
128,129,"\N","\N ","Eric","van de Poele","Belgian"
129,130,"\N","\N ","Olivier","Grouillard","French"
130,131,"\N","\N ","Andrea","Chiesa","Swiss"
131,132,"\N","\N ","Stefano","Modena","Italian"
132,133,"\N","\N ","Giovanna","Amati","Italian"
133,134,"\N","\N ","Alex","Caffi","Italian"
134,135,"\N","\N ","Enrico","Bertaggia","Italian"
135,136,"\N","\N ","Perry","McCarthy","British"
136,137,"\N","\N ","Jan","Lammers","Dutch"
137,138,"\N","\N ","Nelson","Piquet","Brazilian"
138,139,"\N","\N ","Satoru","Nakajima","Japanese"
139,140,"\N","\N ","Emanuele","Pirro","Italian"
140,141,"\N","\N ","Stefan","Johansson","Swedish"
141,142,"\N","\N ","Julian","Bailey","British"
142,143,"\N","\N ","Pedro","Chaves","Portuguese"
143,144,"\N","\N ","Michael","Bartels","German"
144,145,"\N","\N ","Naoki","Hattori","Japanese"
145,146,"\N","\N ","Alessandro","Nannini","Italian"
146,147,"\N","\N ","Bernd","Schneider","German"
147,148,"\N","\N ","Paolo","Barilla","Italian"
148,149,"\N","\N ","Gregor","Foitek","Swiss"
149,150,"\N","\N ","Claudio","Langes","Italian"
150,151,"\N","\N ","Gary","Brabham","Australian"
151,152,"\N","\N ","Martin","Donnelly","British"
152,153,"\N","\N ","Bruno","Giacomelli","Italian"
153,154,"\N","ALG","Jaime","Alguersuari","Spanish"
154,155,"8","GRO","Romain","Grosjean","French"
155,156,"10","KOB","Kamui","Kobayashi","Japanese"
156,157,"\N","\N ","Jonathan","Palmer","British"
157,158,"\N","\N ","Christian","Danner","German"
158,159,"\N","\N ","Eddie","Cheever","American"
159,160,"\N","\N ","Luis","Pérez-Sala","Spanish"
160,161,"\N","\N ","Piercarlo","Ghinzani","Italian"
161,162,"\N","\N ","Volker","Weidler","German"
162,163,"\N","\N ","Pierre-Henri","Raphanel","French"
163,164,"\N","\N ","René","Arnoux","French"
164,168,"\N","\N ","Joachim","Winkelhock","German"
165,166,"\N","\N ","Oscar","Larrauri","Argentine"
166,167,"\N","\N ","Philippe","Streiff","French"
167,168,"\N","\N ","Adrián","Campos","Spanish"
168,169,"\N","\N ","Jean-Louis","Schlesser","French"
169,170,"\N","\N ","Pascal","Fabre","French"
170,171,"\N","\N ","Teo","Fabi","Italian"
171,172,"\N","\N ","Franco","Forini","Swiss"
172,173,"\N","\N ","Jacques","Laffite","French"
173,174,"\N","\N ","Elio","de Angelis","Italian"
174,175,"\N","\N ","Johnny","Dumfries","British"
175,176,"\N","\N ","Patrick","Tambay","French"
176,177,"\N","\N ","Marc","Surer","Swiss"
177,178,"\N","\N ","Keke","Rosberg","Finnish"
178,179,"\N","\N ","Alan","Jones","Australian"
179,180,"\N","\N ","Huub","Rothengatter","Dutch"
180,181,"\N","\N ","Allen","Berg","Canadian"
181,182,"\N","\N ","Manfred","Winkelhock","German"
182,183,"\N","\N ","Niki","Lauda","Austrian"
183,184,"\N","\N ","François","Hesnault","French"
184,185,"\N","\N ","Mauro","Baldi","Italian"
185,186,"\N","\N ","Stefan","Bellof","German"
186,187,"\N","\N ","Kenny","Acheson","British"
187,188,"\N","\N ","John","Watson","British"
188,189,"\N","\N ","Johnny","Cecotto","Venezuelan"
189,190,"\N","\N ","Jo","Gartner","Austrian"
190,191,"\N","\N ","Corrado","Fabi","Italian"
191,192,"\N","\N ","Mike","Thackwell","New Zealander"
192,193,"\N","\N ","Chico","Serra","Brazilian"
193,194,"\N","\N ","Danny","Sullivan","American"
194,195,"\N","\N ","Eliseo","Salazar","Chilean"
195,196,"\N","\N ","Roberto","Guerrero","Colombian"
196,197,"\N","\N ","Raul","Boesel","Brazilian"
197,198,"\N","\N ","Jean-Pierre","Jarier","French"
198,199,"\N","\N ","Jacques","Villeneuve Sr.","Canadian"
199,200,"\N","\N ","Carlos","Reutemann","Argentine"
200,201,"\N","\N ","Jochen","Mass","German"
201,202,"\N","\N ","Slim","Borgudd","Swedish"
202,203,"\N","\N ","Didier","Pironi","French"
203,204,"\N","\N ","Gilles","Villeneuve","Canadian"
204,205,"\N","\N ","Riccardo","Paletti","Italian"
205,206,"\N","\N ","Brian","Henton","British"
206,207,"\N","\N ","Derek","Daly","Irish"
207,208,"\N","\N ","Mario","Andretti","American"
208,209,"\N","\N ","Emilio","de Villota","Spanish"
209,210,"\N","\N ","Geoff","Lees","British"
210,211,"\N","\N ","Tommy","Byrne","Irish"
211,209,"\N","\N ","Rupert","Keegan","British"
212,213,"\N","\N ","Hector","Rebaque","Mexican"
213,214,"\N","\N ","Beppe","Gabbiani","Italian"
214,1,"\N","\N ","Kevin","Cogan","American"
215,2,"\N","\N ","Miguel Ángel","Guerra","Argentine"
216,3,"\N","\N ","Siegfried","Stohr","Italian"
217,4,"\N","\N ","Ricardo","Zunino","Argentine"
218,5,"\N","\N ","Ricardo","Londoño","Colombian"
219,6,"\N","\N ","Jean-Pierre","Jabouille","French"
220,7,"\N","\N ","Giorgio","Francia","Italian"
221,8,"\N","\N ","Patrick","Depailler","French"
222,9,"\N","\N ","Jody","Scheckter","South African"
223,10,"\N","\N ","Clay","Regazzoni","Swiss"
224,11,"\N","\N ","Emerson","Fittipaldi","Brazilian"
225,12,"\N","\N ","Dave","Kennedy","Irish"
226,13,"\N","\N ","Stephen","South","British"
227,14,"\N","\N ","Tiff","Needell","British"
228,15,"\N","\N ","Desiré","Wilson","South African"
229,16,"\N","\N ","Harald","Ertl","Austrian"
230,17,"\N","\N ","Vittorio","Brambilla","Italian"
231,18,"\N","\N ","James","Hunt","British"
232,19,"\N","\N ","Arturo","Merzario","Italian"
233,20,"\N","\N ","Hans-Joachim","Stuck","German"
234,21,"\N","\N ","Gianfranco","Brancatelli","Italian"
235,22,"\N","\N ","Jacky","Ickx","Belgian"
236,23,"\N","\N ","Patrick","Gaillard","French"
237,24,"\N","\N ","Alex","Ribeiro","Brazilian"
238,25,"\N","\N ","Ronnie","Peterson","Swedish"
239,26,"\N","\N ","Brett","Lunger","American"
240,27,"\N","\N ","Danny","Ongais","American"
241,28,"\N","\N ","Lamberto","Leoni","Italian"
242,29,"\N","\N ","Divina","Galica","British"
243,30,"\N","\N ","Rolf","Stommelen","German"
244,31,"\N","\N ","Alberto","Colombo","Italian"
245,32,"\N","\N ","Tony","Trimmer","British"
246,33,"\N","\N ","Hans","Binder","Austrian"
247,34,"\N","\N ","Michael","Bleekemolen","Dutch"
248,35,"\N","\N ","Carlo","Franchi","Italian"
249,36,"\N","\N ","Bobby","Rahal","American"
250,37,"\N","\N ","Carlos","Pace","Brazilian"
251,38,"\N","\N ","Ian","Scheckter","South African"
252,39,"\N","\N ","Tom","Pryce","British"
253,40,"\N","\N ","Ingo","Hoffmann","Brazilian"
254,41,"\N","\N ","Renzo","Zorzi","Italian"
255,42,"\N","\N ","Gunnar","Nilsson","Swedish"
256,44,"\N","\N ","Larry","Perkins","Australian"
257,45,"\N","\N ","Boy","Lunger","Dutch"
258,46,"\N","\N ","Patrick","Nève","Belgian"
259,47,"\N","\N ","David","Purley","British"
260,48,"\N","\N ","Conny","Andersson","Swedish"
261,49,"\N","\N ","Bernard","de Dryver","Belgian"
262,50,"\N","\N ","Jackie","Oliver","British"
263,51,"\N","\N ","Mikko","Kozarowitzky","Finnish"
264,52,"\N","\N ","Andy","Sutcliffe","British"
265,53,"\N","\N ","Guy","Edwards","British"
266,54,"\N","\N ","Brian","McGuire","Australian"
267,55,"\N","\N ","Vern","Schuppan","Australian"
268,56,"\N","\N ","Hans","Heyer","German"
269,57,"\N","\N ","Teddy","Pilette","Belgian"
270,58,"\N","\N ","Ian","Ashley","British"
271,59,"\N","\N ","Loris","Kessel","Swiss"
272,60,"\N","\N ","Kunimitsu","Takahashi","Japanese"
273,61,"\N","\N ","Kazuyoshi","Hoshino","Japanese"
274,62,"\N","\N ","Noritake","Takahara","Japanese"
275,63,"\N","\N ","Lella","Lombardi","Italian"
276,64,"\N","\N ","Bob","Evans","British"
277,65,"\N","\N ","Michel","Leclère","French"
278,66,"\N","\N ","Chris","Amon","New Zealander"
279,67,"\N","\N ","Emilio","Zapico","Spanish"
280,68,"\N","\N ","Henri","Pescarolo","French"
281,69,"\N","\N ","Jac","Nelleman","Danish"
282,70,"\N","\N ","Damien","Magee","British"
283,71,"\N","\N ","Mike","Wilds","British"
284,72,"\N","\N ","Alessandro","Pesenti-Rossi","Italian"
285,73,"\N","\N ","Otto","Stuppacher","Austrian"
286,74,"\N","\N ","Warwick","Brown","Australian"
287,75,"\N","\N ","Masahiro","Hasemi","Japanese"
288,76,"\N","\N ","Mark","Donohue","American"
289,77,"\N","\N ","Graham","Hill","British"
290,78,"\N","\N ","Wilson","Fittipaldi","Brazilian"
291,79,"\N","\N ","Guy","Tunmer","South African"
292,80,"\N","\N ","Eddie","Keizan","South African"
293,81,"\N","\N ","Dave","Charlton","South African"
294,82,"\N","\N ","Tony","Brise","British"
295,83,"\N","\N ","Roelof","Wunderink","Dutch"
296,84,"\N","\N ","François","Migault","French"
297,85,"\N","\N ","Torsten","Palm","Swedish"
298,86,"\N","\N ","Gijs","van Lennep","Dutch"
299,87,"\N","\N ","Hiroshi","Fushida","Japanese"
300,88,"\N","\N ","John","Nicholson","New Zealander"
301,89,"\N","\N ","Dave","Morgan","British"
302,90,"\N","\N ","Jim","Crawford","British"
303,91,"\N","\N ","Jo","Vonlanthen","Swiss"
304,92,"\N","\N ","Denny","Hulme","New Zealander"
305,93,"\N","\N ","Mike","Hailwood","British"
306,94,"\N","\N ","Jean-Pierre","Beltoise","French"
307,95,"\N","\N ","Howden","Ganley","New Zealander"
308,96,"\N","\N ","Richard","Robarts","British"
309,97,"\N","\N ","Peter","Revson","American"
310,98,"\N","\N ","Paddy","Driver","South African"
311,99,"\N","\N ","Tom","Belsø","Danish"
312,100,"\N","\N ","Brian","Redman","British"
313,101,"\N","\N ","Rikky","von Opel","Liechtensteiner"
314,102,"\N","\N ","Tim","Schenken","Australian"
315,103,"\N","\N ","Gérard","Larrousse","French"
316,104,"\N","\N ","Leo","Kinnunen","Finnish"
317,105,"\N","\N ","Reine","Wisell","Swedish"
318,106,"\N","\N ","Bertil","Roos","Swedish"
319,107,"\N","\N ","José","Dolhem","French"
320,108,"\N","\N ","Peter","Gethin","British"
321,109,"\N","\N ","Derek","Bell","British"
322,110,"\N","\N ","David","Hobbs","British"
323,111,"\N","\N ","Dieter","Quester","Austrian"
324,112,"\N","\N ","Helmuth","Koinigg","Austrian"
325,113,"\N","\N ","Carlo","Facetti","Italian"
326,114,"\N","\N ","Eppie","Wietzes","Canadian"
327,115,"\N","\N ","François","Cevert","French"
328,116,"\N","\N ","Jackie","Stewart","British"
329,117,"\N","\N ","Mike","Beuttler","British"
330,118,"\N","\N ","Nanni","Galli","Italian"
331,119,"\N","\N ","Luiz","Bueno","Brazilian"
332,120,"\N","\N ","George","Follmer","American"
333,121,"\N","\N ","Andrea","de Adamich","Italian"
334,122,"\N","\N ","Jackie","Pretorius","South African"
335,123,"\N","\N ","Roger","Williamson","British"
336,124,"\N","\N ","Graham","McRae","New Zealander"
337,125,"\N","\N ","Helmut","Marko","Austrian"
338,126,"\N","\N ","David","Walker","Australian"
339,127,"\N","\N ","Alex","Soler-Roig","Spanish"
340,128,"\N","\N ","John","Love","Rhodesian"
341,129,"\N","\N ","John","Surtees","British"
342,130,"\N","\N ","Skip","Barber","American"
343,131,"\N","\N ","Bill","Brack","Canadian"
344,132,"\N","\N ","Sam","Posey","American"
345,133,"\N","\N ","Pedro","Rodríguez","Mexican"
346,134,"\N","\N ","Jo","Siffert","Swiss"
347,135,"\N","\N ","Jo","Bonnier","Swedish"
348,136,"\N","\N ","François","Mazet","French"
349,137,"\N","\N ","Max","Jean","French"
350,138,"\N","\N ","Vic","Elford","British"
351,139,"\N","\N ","Silvio","Moser","Swiss"
352,140,"\N","\N ","George","Eaton","Canadian"
353,141,"\N","\N ","Pete","Lovely","American"
354,142,"\N","\N ","Chris","Craft","British"
355,143,"\N","\N ","John","Cannon","Canadian"
356,144,"\N","\N ","Jack","Brabham","Australian"
357,145,"\N","\N ","John","Miles","British"
358,146,"\N","\N ","Jochen","Rindt","Austrian"
359,147,"\N","\N ","Johnny","Servoz-Gavin","French"
360,148,"\N","\N ","Bruce","McLaren","New Zealander"
361,149,"\N","\N ","Piers","Courage","British"
362,150,"\N","\N ","Peter","de Klerk","South African"
363,151,"\N","\N ","Ignazio","Giunti","Italian"
364,152,"\N","\N ","Dan","Gurney","American"
365,153,"\N","\N ","Hubert","Hahne","German"
366,154,"\N","\N ","Gus","Hutchison","American"
367,155,"\N","\N ","Peter","Westbury","British"
368,156,"\N","\N ","Sam","Tingle","Rhodesian"
369,157,"\N","\N ","Basil","van Rooyen","South African"
370,158,"\N","\N ","Richard","Attwood","British"
371,159,"\N","\N ","Al","Pease","Canadian"
372,160,"\N","\N ","John","Cordts","Canadian"
373,161,"\N","\N ","Jim","Clark","British"
374,162,"\N","\N ","Mike","Spence","British"
375,163,"\N","\N ","Ludovico","Scarfiotti","Italian"
376,164,"\N","BIA","Lucien","Bianchi","Belgian"
377,162,"\N","\N ","Jo","Schlesser","French"
378,166,"\N","\N ","Robin","Widdows","British"
379,167,"\N","\N ","Kurt","Ahrens","German"
380,168,"\N","\N ","Frank","Gardner","Australian"
381,169,"\N","\N ","Bobby","Unser","American"
382,170,"\N","\N ","Moisés","Solana","Mexican"
383,171,"\N","\N ","Bob","Anderson","British"
384,172,"\N","\N ","Luki","Botha","South African"
385,173,"\N","\N ","Lorenzo","Bandini","Italian"
386,174,"\N","\N ","Richie","Ginther","American"
387,175,"\N","\N ","Mike","Parkes","British"
388,176,"\N","\N ","Chris","Irwin","British"
389,177,"\N","\N ","Guy","Ligier","French"
390,178,"\N","\N ","Alan","Rees","British"
391,179,"\N","\N ","Brian","Hart","British"
392,180,"\N","\N ","Mike","Fisher","American"
393,181,"\N","\N ","Tom","Jones","American"
394,182,"\N","\N ","Giancarlo","Baghetti","Italian"
395,183,"\N","\N ","Jonathan","Williams","British"
396,184,"\N","\N ","Bob","Bondurant","American"
397,185,"\N","\N ","Peter","Arundell","British"
398,186,"\N","\N ","Vic","Wilson","British"
399,187,"\N","\N ","John","Taylor","British"
400,188,"\N","\N ","Chris","Lawrence","British"
401,189,"\N","\N ","Trevor","Taylor","British"
402,190,"\N","\N ","Giacomo","Russo","Italian"
403,191,"\N","\N ","Phil","Hill","American"
404,192,"\N","\N ","Innes","Ireland","British"
405,193,"\N","\N ","Ronnie","Bucknum","American"
406,194,"\N","\N ","Paul","Hawkins","Australian"
407,195,"\N","\N ","David","Prophet","British"
408,196,"\N","\N ","Tony","Maggs","South African"
409,197,"\N","\N ","Trevor","Blokdyk","South African"
410,198,"\N","\N ","Neville","Lederle","South African"
411,199,"\N","\N ","Doug","Serrurier","South African"
412,200,"\N","\N ","Brausch","Niemann","South African"
413,201,"\N","\N ","Ernie","Pieterse","South African"
414,202,"\N","\N ","Clive","Puzey","Rhodesian"
415,203,"\N","\N ","Ray","Reed","South African"
416,204,"\N","\N ","David","Clapham","South African"
417,205,"\N","\N ","Alex","Blignaut","South African"
418,206,"\N","\N ","Masten","Gregory","American"
419,207,"\N","\N ","John","Rhodes","British"
420,208,"\N","\N ","Ian","Raby","British"
421,209,"\N","\N ","Alan","Rollinson","British"
422,210,"\N","\N ","Brian","Gubby","British"
423,211,"\N","\N ","Gerhard","Mitter","German"
424,210,"\N","\N ","Roberto","Bussinello","Italian"
425,213,"\N","\N ","Nino","Vaccarella","Italian"
426,214,"\N","\N ","Giorgio","Bassi","Italian"
427,1,"\N","\N ","Maurice","Trintignant","French"
428,2,"\N","\N ","Bernard","Collomb","French"
429,3,"\N","\N ","André","Pilette","Belgian"
430,4,"\N","\N ","Carel Godin","de Beaufort","Dutch"
431,5,"\N","\N ","Edgar","Barth","German"
432,6,"\N","\N ","Mário de Araújo","Cabral","Portuguese"
433,7,"\N","\N ","Walt","Hansgen","American"
434,8,"\N","\N ","Hap","Sharp","American"
435,9,"\N","\N ","Willy","Mairesse","Belgian"
436,10,"\N","\N ","John","Campbell-Jones","British"
437,11,"\N","\N ","Ian","Burgess","British"
438,12,"\N","\N ","Tony","Settember","American"
439,13,"\N","\N ","Nasif","Estéfano","Argentine"
440,14,"\N","\N ","Jim","Hall","American"
441,15,"\N","\N ","Tim","Parnell","British"
442,16,"\N","\N ","Kurt","Kuhnke","German"
443,17,"\N","\N ","Ernesto","Brambilla","Italian"
444,18,"\N","\N ","Roberto","Lippi","Italian"
445,19,"\N","\N ","Günther","Seiffert","German"
446,20,"\N","\N ","Carlo","Abate","Italian"
447,21,"\N","\N ","Gaetano","Starrabba","Italian"
448,22,"\N","\N ","Peter","Broeker","Canadian"
449,23,"\N","\N ","Rodger","Ward","American"
450,24,"\N","\N ","Ernie","de Vos","Dutch"
451,25,"\N","\N ","Frank","Dochnal","American"
452,26,"\N","\N ","Thomas","Monarch","American"
842,27,"10","GAS","Pierre","Gasly","French"
453,28,"\N","\N ","Jackie","Lewis","British"
454,29,"\N","\N ","Ricardo","Rodríguez","Mexican"
455,30,"\N","\N ","Wolfgang","Seidel","German"
456,31,"\N","\N ","Roy","Salvadori","British"
457,32,"\N","\N ","Ben","Pon","Dutch"
458,33,"\N","\N ","Rob","Slotemaker","Dutch"
459,34,"\N","\N ","Tony","Marsh","British"
460,35,"\N","\N ","Gerry","Ashmore","British"
461,36,"\N","\N ","Heinz","Schiller","Swiss"
462,37,"\N","\N ","Colin","Davis","British"
463,38,"\N","\N ","Jay","Chamberlain","American"
464,39,"\N","\N ","Tony","Shelly","New Zealander"
465,40,"\N","\N ","Keith","Greene","British"
466,41,"\N","\N ","Heini","Walter","Swiss"
467,42,"\N","\N ","Ernesto","Prinoth","Italian"
468,44,"\N","\N ","Roger","Penske","American"
469,45,"\N","\N ","Rob","Schroeder","British"
470,46,"\N","\N ","Timmy","Mayer","American"
471,47,"\N","\N ","Bruce","Johnstone","South African"
472,48,"\N","\N ","Mike","Harris","South African"
473,49,"\N","\N ","Gary","Hocking","Rhodesian"
474,50,"\N","\N ","Syd","van der Vyver","South African"
475,51,"\N","\N ","Stirling","Moss","British"
476,52,"\N","\N ","Wolfgang","von Trips","German"
477,53,"\N","\N ","Cliff","Allison","British"
478,54,"\N","\N ","Hans","Herrmann","German"
479,55,"\N","\N ","Tony","Brooks","British"
480,56,"\N","\N ","Michael","May","Swiss"
481,57,"\N","\N ","Henry","Taylor","British"
482,58,"\N","\N ","Olivier","Gendebien","Belgian"
483,59,"\N","\N ","Giorgio","Scarlatti","Italian"
484,60,"\N","\N ","Brian","Naylor","British"
485,61,"\N","\N ","Juan Manuel","Bordeu","Argentine"
486,62,"\N","\N ","Jack","Fairman","British"
487,63,"\N","\N ","Massimo","Natili","Italian"
488,64,"\N","\N ","Peter","Monteverdi","Swiss"
489,65,"\N","\N ","Renato","Pirocchi","Italian"
490,66,"\N","\N ","Geoff","Duke","British"
491,67,"\N","\N ","Alfonso","Thiele","American-Italian"
492,68,"\N","\N ","Menato","Boffa","Italian"
493,69,"\N","\N ","Peter","Ryan","Canadian"
494,70,"\N","\N ","Lloyd","Ruby","American"
495,71,"\N","\N ","Ken","Miles","British"
496,72,"\N","\N ","Carlos","Menditeguy","Argentine"
497,73,"\N","\N ","Alberto Rodriguez","Larreta","Argentine"
498,74,"\N","\N ","José Froilán","González","Argentine"
499,75,"\N","\N ","Roberto","Bonomi","Argentine"
500,76,"\N","\N ","Gino","Munaron","Italian"
501,77,"\N","\N ","Harry","Schell","American"
502,78,"\N","\N ","Alan","Stacey","British"
503,79,"\N","\N ","Ettore","Chimeri","Venezuelan"
504,80,"\N","\N ","Antonio","Creus","Spanish"
505,81,"\N","\N ","Chris","Bristow","British"
506,82,"\N","\N ","Bruce","Halford","British"
507,83,"\N","\N ","Chuck","Daigh","American"
508,84,"\N","\N ","Lance","Reventlow","American"
509,85,"\N","\N ","Jim","Rathmann","American"
510,86,"\N","\N ","Paul","Goldsmith","American"
511,87,"\N","\N ","Don","Branson","American"
512,88,"\N","\N ","Johnny","Thomson","American"
513,89,"\N","\N ","Eddie","Johnson","American"
514,90,"\N","\N ","Bob","Veith","American"
515,91,"\N","\N ","Bud","Tingelstad","American"
516,92,"\N","\N ","Bob","Christie","American"
517,93,"\N","\N ","Red","Amick","American"
518,94,"\N","\N ","Duane","Carter","American"
519,95,"\N","\N ","Bill","Homeier","American"
520,96,"\N","\N ","Gene","Hartley","American"
521,97,"\N","\N ","Chuck","Stevenson","American"
522,98,"\N","\N ","Bobby","Grim","American"
523,99,"\N","\N ","Shorty","Templeman","American"
524,100,"\N","\N ","Jim","Hurtubise","American"
525,101,"\N","\N ","Jimmy","Bryan","American"
526,102,"\N","\N ","Troy","Ruttman","American"
527,103,"\N","\N ","Eddie","Sachs","American"
528,104,"\N","\N ","Don","Freeland","American"
529,105,"\N","\N ","Tony","Bettenhausen","American"
530,106,"\N","\N ","Wayne","Weiler","American"
531,107,"\N","\N ","Anthony","Foyt","American"
532,108,"\N","\N ","Eddie","Russo","American"
533,109,"\N","\N ","Johnny","Boyd","American"
534,110,"\N","\N ","Gene","Force","American"
535,111,"\N","\N ","Jim","McWithey","American"
536,112,"\N","\N ","Len","Sutton","American"
537,113,"\N","\N ","Dick","Rathmann","American"
538,114,"\N","\N ","Al","Herman","American"
539,115,"\N","\N ","Dempsey","Wilson","American"
540,116,"\N","\N ","Mike","Taylor","British"
541,117,"\N","\N ","Ron","Flockhart","British"
542,118,"\N","\N ","David","Piper","British"
543,119,"\N","\N ","Giulio","Cabianca","Italian"
544,120,"\N","\N ","Piero","Drogo","Italian"
545,121,"\N","\N ","Fred","Gamble","American"
546,122,"\N","\N ","Arthur","Owen","British"
547,123,"\N","\N ","Horace","Gould","British"
548,124,"\N","\N ","Bob","Drake","American"
549,125,"\N","\N ","Ivor","Bueb","British"
550,126,"\N","\N ","Alain","de Changy","Belgian"
551,127,"\N","\N ","Maria","de Filippis","Italian"
552,128,"\N","\N ","Jean","Lucienbonnet","French"
553,129,"\N","\N ","André","Testut","Monegasque"
554,130,"\N","\N ","Jean","Behra","French"
555,131,"\N","\N ","Paul","Russo","American"
556,132,"\N","\N ","Jimmy","Daywalt","American"
557,133,"\N","\N ","Chuck","Arnold","American"
558,134,"\N","\N ","Al","Keller","American"
559,135,"\N","\N ","Pat","Flaherty","American"
560,136,"\N","\N ","Bill","Cheesbourg","American"
561,137,"\N","\N ","Ray","Crawford","American"
562,138,"\N","\N ","Jack","Turner","American"
563,139,"\N","\N ","Chuck","Weyant","American"
564,140,"\N","\N ","Jud","Larson","American"
565,141,"\N","\N ","Mike","Magill","American"
566,142,"\N","\N ","Carroll","Shelby","American"
567,143,"\N","\N ","Fritz","d Orey","Brazilian"
568,144,"\N","\N ","Azdrubal","Fontes","Uruguayan"
569,145,"\N","\N ","Peter","Ashdown","British"
570,146,"\N","\N ","Bill","Moss","British"
571,147,"\N","\N ","Dennis","Taylor","British"
572,148,"\N","\N ","Harry","Blanchard","American"
573,149,"\N","\N ","Alessandro","de Tomaso","Argentine-Italian"
574,150,"\N","\N ","George","Constantine","American"
575,151,"\N","\N ","Bob","Said","American"
576,152,"\N","\N ","Phil","Cade","American"
577,153,"\N","\N ","Luigi","Musso","Italian"
578,154,"\N","\N ","Mike","Hawthorn","British"
579,155,"\N","\N ","Juan","Fangio","Argentine"
580,156,"\N","\N ","Paco","Godia","Spanish"
581,157,"\N","\N ","Peter","Collins","British"
582,158,"\N","\N ","Ken","Kavanagh","Australian"
583,159,"\N","\N ","Gerino","Gerini","Italian"
584,160,"\N","\N ","Bruce","Kessler","American"
585,161,"\N","\N ","Paul","Emery","British"
586,162,"\N","\N ","Luigi","Piotti","Italian"
587,163,"\N","\N ","Bernie","Ecclestone","British"
588,164,"\N","\N ","Luigi","Taramazzo","Italian"
589,164,"\N","\N ","Louis","Chiron","Monegasque"
590,166,"\N","\N ","Stuart","Lewis-Evans","British"
591,167,"\N","\N ","George","Amick","American"
592,168,"\N","\N ","Jimmy","Reece","American"
593,169,"\N","\N ","Johnnie","Parsons","American"
594,170,"\N","\N ","Johnnie","Tolan","American"
595,171,"\N","\N ","Billy","Garrett","American"
596,172,"\N","\N ","Ed","Elisian","American"
597,173,"\N","\N ","Pat","O Connor","American"
598,174,"\N","\N ","Jerry","Unser","American"
599,175,"\N","\N ","Art","Bisch","American"
600,176,"\N","\N ","Christian","Goethals","Belgian"
601,177,"\N","\N ","Dick","Gibson","British"
602,178,"\N","\N ","Robert","La Caze","French"
603,179,"\N","\N ","André","Guelfi","French"
604,180,"\N","\N ","François","Picard","French"
605,181,"\N","\N ","Tom","Bridger","British"
606,182,"\N","\N ","Alfonso","de Portago","Spanish"
607,183,"\N","\N ","Cesare","Perdisa","Italian"
608,184,"\N","\N ","Eugenio","Castellotti","Italian"
609,185,"\N","\N ","André","Simon","French"
610,186,"\N","\N ","Les","Leston","British"
611,187,"\N","\N ","Sam","Hanks","American"
612,188,"\N","\N ","Andy","Linden","American"
613,189,"\N","\N ","Marshall","Teague","American"
614,190,"\N","\N ","Don","Edmunds","American"
615,191,"\N","\N ","Fred","Agabashian","American"
616,192,"\N","\N ","Elmer","George","American"
617,193,"\N","\N ","Mike","MacDowel","British"
618,194,"\N","\N ","Herbert","MacKay-Fraser","American"
619,195,"\N","\N ","Bob","Gerard","British"
620,196,"\N","\N ","Umberto","Maglioli","Italian"
621,197,"\N","\N ","Paul","England","Australian"
622,198,"\N","\N ","Chico","Landi","Brazilian"
623,199,"\N","\N ","Alberto","Uria","Uruguayan"
624,200,"\N","\N ","Hernando","da Silva Ramos","Brazilian"
625,201,"\N","\N ","Élie","Bayol","French"
626,202,"\N","\N ","Robert","Manzon","French"
627,203,"\N","\N ","Louis","Rosier","French"
628,204,"\N","\N ","Bob","Sweikert","American"
629,205,"\N","\N ","Cliff","Griffith","American"
630,206,"\N","\N ","Duke","Dinsmore","American"
631,207,"\N","\N ","Keith","Andrews","American"
632,208,"\N","\N ","Paul","Frère","Belgian"
633,209,"\N","\N ","Luigi","Villoresi","Italian"
634,210,"\N","\N ","Piero","Scotti","Italian"
635,211,"\N","\N ","Colin","Chapman","British"
636,213,"\N","\N ","Desmond","Titterington","British"
637,213,"\N","\N ","Archie","Scott Brown","British"
638,214,"\N","\N ","Ottorino","Volonterio","Swiss"
639,1,"\N","\N ","André","Milhoux","Belgian"
640,2,"\N","\N ","Toulo","de Graffenried","Swiss"
641,3,"\N","\N ","Piero","Taruffi","Italian"
642,4,"\N","\N ","Nino","Farina","Italian"
643,5,"\N","\N ","Roberto","Mieres","Argentine"
644,6,"\N","\N ","Sergio","Mantovani","Italian"
645,7,"\N","\N ","Clemar","Bucci","Argentine"
646,8,"\N","\N ","Jesús","Iglesias","Argentine"
647,9,"\N","\N ","Alberto","Ascari","Italian"
648,10,"\N","\N ","Karl","Kling","German"
649,11,"\N","\N ","Pablo","Birger","Argentine"
650,12,"\N","\N ","Jacques","Pollet","French"
651,13,"\N","\N ","Lance","Macklin","British"
652,14,"\N","\N ","Ted","Whiteaway","British"
653,15,"\N","\N ","Jimmy","Davies","American"
654,16,"\N","\N ","Walt","Faulkner","American"
655,17,"\N","\N ","Cal","Niday","American"
656,18,"\N","\N ","Art","Cross","American"
657,19,"\N","\N ","Bill","Vukovich","American"
658,20,"\N","\N ","Jack","McGrath","American"
659,21,"\N","\N ","Jerry","Hoyt","American"
660,22,"\N","\N ","Johnny","Claes","Belgian"
661,23,"\N","\N ","Peter","Walker","British"
662,24,"\N","\N ","Mike","Sparken","French"
663,25,"\N","\N ","Ken","Wharton","British"
664,26,"\N","\N ","Kenneth","McAlpine","British"
665,27,"\N","\N ","Leslie","Marr","British"
666,28,"\N","\N ","Tony","Rolt","British"
667,29,"\N","\N ","John","Fitch","American"
668,30,"\N","\N ","Jean","Lucas","French"
669,31,"\N","\N ","Prince","Bira","Thai"
670,32,"\N","\N ","Onofre","Marimón","Argentine"
671,33,"\N","\N ","Roger","Loyer","French"
672,34,"\N","\N ","Jorge","Daponte","Argentine"
673,35,"\N","\N ","Mike","Nazaruk","American"
674,36,"\N","\N ","Larry","Crockett","American"
675,37,"\N","\N ","Manny","Ayulo","American"
676,38,"\N","\N ","Frank","Armi","American"
677,39,"\N","\N ","Travis","Webb","American"
678,40,"\N","\N ","Len","Duncan","American"
679,41,"\N","\N ","Ernie","McCoy","American"
680,42,"\N","\N ","Jacques","Swaters","American"
681,44,"\N","\N ","Georges","Berger","Belgian"
682,45,"\N","\N ","Don","Beauman","British"
683,46,"\N","\N ","Leslie","Thorne","British"
684,47,"\N","\N ","Bill","Whitehouse","British"
685,48,"\N","\N ","John","Riseley-Prichard","British"
686,49,"\N","\N ","Reg","Parnell","British"
687,50,"\N","\N ","Peter","Whitehead","British"
688,51,"\N","\N ","Eric","Brandon","British"
689,52,"\N","\N ","Alan","Brown","British"
690,53,"\N","\N ","Rodney","Nuckey","British"
691,54,"\N","\N ","Hermann","Lang","German"
692,55,"\N","\N ","Theo","Helfrich","German"
693,56,"\N","\N ","Fred","Wacker","American"
694,57,"\N","\N ","Giovanni","de Riu","Italian"
695,58,"\N","\N ","Oscar","Gálvez","Argentine"
696,59,"\N","\N ","John","Barber","British"
697,60,"\N","\N ","Felice","Bonetto","Italian"
698,61,"\N","\N ","Adolfo","Cruz","Argentine"
699,62,"\N","\N ","Duke","Nalon","American"
700,63,"\N","\N ","Carl","Scarborough","American"
701,64,"\N","\N ","Bill","Holland","American"
702,65,"\N","\N ","Bob","Scott","American"
703,66,"\N","\N ","Arthur","Legat","Belgian"
704,67,"\N","\N ","Yves","Cabantous","French"
705,68,"\N","\N ","Tony","Crook","British"
706,69,"\N","\N ","Jimmy","Stewart","British"
707,70,"\N","\N ","Ian","Stewart","British"
708,71,"\N","\N ","Duncan","Hamilton","British"
709,72,"\N","\N ","Ernst","Klodwig","East German"
710,73,"\N","\N ","Rudolf","Krause","East German"
711,74,"\N","\N ","Oswald","Karch","German"
712,75,"\N","\N ","Willi","Heeks","German"
713,76,"\N","\N ","Theo","Fitzau","East German"
714,77,"\N","\N ","Kurt","Adolff","German"
715,78,"\N","\N ","Günther","Bechem","German"
716,79,"\N","\N ","Erwin","Bauer","German"
717,80,"\N","\N ","Hans","von Stuck","German"
718,81,"\N","\N ","Ernst","Loof","German"
719,82,"\N","\N ","Albert","Scherrer","Swiss"
720,83,"\N","\N ","Max","de Terra","Swiss"
721,84,"\N","\N ","Peter","Hirt","Swiss"
722,85,"\N","\N ","Piero","Carini","Italian"
723,86,"\N","\N ","Rudi","Fischer","Swiss"
724,87,"\N","\N ","Toni","Ulmen","German"
725,88,"\N","\N ","George","Abecassis","British"
726,89,"\N","\N ","George","Connor","American"
727,90,"\N","\N ","Jim","Rigsby","American"
728,91,"\N","\N ","Joe","James","American"
729,92,"\N","\N ","Bill","Schindler","American"
730,93,"\N","\N ","George","Fonder","American"
731,94,"\N","\N ","Henry","Banks","American"
732,95,"\N","\N ","Johnny","McDowell","American"
733,96,"\N","\N ","Chet","Miller","American"
734,97,"\N","\N ","Bobby","Ball","American"
735,98,"\N","\N ","Charles","de Tornaco","Belgian"
736,99,"\N","\N ","Roger","Laurent","Belgian"
737,100,"\N","\N ","Robert","O Brien","American"
738,101,"\N","\N ","Tony","Gaze","Australian"
739,102,"\N","\N ","Robin","Montgomerie-Charrington","British"
740,103,"\N","\N ","Franco","Comotti","Italian"
741,104,"\N","\N ","Philippe","Étancelin","French"
742,105,"\N","\N ","Dennis","Poore","British"
743,106,"\N","\N ","Eric","Thompson","British"
744,107,"\N","\N ","Ken","Downing","British"
745,108,"\N","\N ","Graham","Whitehead","British"
746,109,"\N","\N ","Gino","Bianco","Brazilian"
747,110,"\N","\N ","David","Murray","British"
748,111,"\N","\N ","Eitel","Cantoni","Uruguayan"
749,112,"\N","\N ","Bill","Aston","British"
750,113,"\N","\N ","Adolf","Brudes","German"
751,114,"\N","\N ","Fritz","Riess","German"
752,115,"\N","\N ","Helmut","Niedermayr","German"
753,116,"\N","\N ","Hans","Klenk","German"
754,117,"\N","\N ","Marcel","Balsa","French"
755,118,"\N","\N ","Rudolf","Schoeller","Swiss"
756,119,"\N","\N ","Paul","Pietsch","German"
757,120,"\N","\N ","Josef","Peters","German"
758,121,"\N","\N ","Dries","van der Lof","Dutch"
759,122,"\N","\N ","Jan","Flinterman","Dutch"
760,123,"\N","\N ","Piero","Dusio","Italian"
761,124,"\N","\N ","Alberto","Crespo","Argentine"
762,125,"\N","\N ","Franco","Rol","Italian"
763,126,"\N","\N ","Consalvo","Sanesi","Italian"
764,127,"\N","\N ","Guy","Mairesse","French"
765,128,"\N","\N ","Henri","Louveau","French"
766,129,"\N","\N ","Lee","Wallard","American"
767,130,"\N","\N ","Carl","Forberg","American"
768,131,"\N","\N ","Mauri","Rose","American"
769,132,"\N","\N ","Bill","Mackey","American"
770,133,"\N","\N ","Cecil","Green","American"
771,134,"\N","\N ","Walt","Brown","American"
772,135,"\N","\N ","Mack","Hellings","American"
773,136,"\N","\N ","Pierre","Levegh","French"
774,137,"\N","\N ","Eugène","Chaboud","French"
775,138,"\N","\N ","Aldo","Gordini","French"
776,139,"\N","\N ","Joe","Kelly","Irish"
777,140,"\N","\N ","Philip","Fotheringham-Parker","British"
778,141,"\N","\N ","Brian","Shawe Taylor","British"
779,142,"\N","\N ","John","James","British"
780,143,"\N","\N ","Toni","Branca","Swiss"
781,144,"\N","\N ","Ken","Richardson","British"
782,145,"\N","\N ","Juan","Jover","Spanish"
783,146,"\N","\N ","Georges","Grignard","French"
784,147,"\N","\N ","David","Hampshire","British"
785,148,"\N","\N ","Geoff","Crossley","British"
786,149,"\N","\N ","Luigi","Fagioli","Italian"
787,150,"\N","\N ","Cuth","Harrison","British"
788,151,"\N","\N ","Joe","Fry","British"
789,152,"\N","\N ","Eugène","Martin","French"
790,153,"\N","\N ","Leslie","Johnson","British"
791,154,"\N","\N ","Clemente","Biondetti","Italian"
792,155,"\N","\N ","Alfredo","Pián","Argentine"
793,156,"\N","\N ","Raymond","Sommer","French"
794,157,"\N","\N ","Joie","Chitwood","American"
795,158,"\N","\N ","Myron","Fohr","American"
796,159,"\N","\N ","Walt","Ader","American"
797,160,"\N","\N ","Jackie","Holmes","American"
798,161,"\N","\N ","Bayliss","Levrett","American"
799,162,"\N","\N ","Jimmy","Jackson","American"
800,163,"\N","\N ","Nello","Pagani","Italian"
801,164,"\N","\N ","Charles","Pozzi","French"
802,166,"\N","\N ","Dorino","Serafini","Italian"
803,166,"\N","\N ","Bill","Cantrell","American"
804,167,"\N","\N ","Johnny","Mantz","American"
805,168,"\N","\N ","Danny","Kladis","American"
806,169,"\N","\N ","Óscar","González","Uruguayan"
807,170,"27","HUL","Nico","Hülkenberg","German"
808,171,"\N","PET","Vitaly","Petrov","Russian"
810,172,"\N","DIG","Lucas","di Grassi","Brazilian"
811,173,"\N","SEN","Bruno","Senna","Brazilian"
812,174,"\N","CHA","Karun","Chandhok","Indian"
813,175,"13","MAL","Pastor","Maldonado","Venezuelan"
814,176,"\N","DIR","Paul","di Resta","British"
815,177,"11","PER","Sergio","Pérez","Mexican"
816,178,"\N","DAM","Jérôme","d Ambrosio","Belgian"
817,179,"3","RIC","Daniel","Ricciardo","Australian"
818,180,"25","VER","Jean-Éric","Vergne","French"
819,181,"\N","PIC","Charles","Pic","French"
820,182,"4","CHI","Max","Chilton","British"
821,183,"21","GUT","Esteban","Gutiérrez","Mexican"
822,184,"77","BOT","Valtteri","Bottas","Finnish"
823,185,"\N","VDG","Giedo","van der Garde","Dutch"
824,186,"17","BIA","Jules","Bianchi","French"
825,187,"20","MAG","Kevin","Magnussen","Danish"
826,188,"26","KVY","Daniil","Kvyat","Russian"
827,189,"45","LOT","André","Lotterer","German"
828,190,"9","ERI","Marcus","Ericsson","Swedish"
829,191,"28","STE","Will","Stevens","British"
830,192,"33","VER","Max","Verstappen","Dutch"
831,193,"12","NAS","Felipe","Nasr","Brazilian"
832,194,"55","SAI","Carlos","Sainz","Spanish"
833,195,"98","MER","Roberto","Merhi","Spanish"
834,196,"53","RSS","Alexander","Rossi","American"
835,197,"30","PAL","Jolyon","Palmer","British"
836,198,"94","WEH","Pascal","Wehrlein","German"
837,199,"88","HAR","Rio","Haryanto","Indonesian"
838,200,"2","VAN","Stoffel","Vandoorne","Belgian"
839,201,"31","OCO","Esteban","Ocon","French"
840,202,"18","STR","Lance","Stroll","Canadian"
841,203,"99","GIO","Antonio","Giovinazzi","Italian"
843,204,"28","HAR","Brendon","Hartley","New Zealander"
844,205,"16","LEC","Charles","Leclerc","Monegasque"
845,206,"35","SIR","Sergey","Sirotkin","Russian"
846,207,"4","NOR","Lando","Norris","British"
847,208,"63","RUS","George","Russell","British"
848,209,"23","ALB","Alexander","Albon","Thai"
849,210,"6","LAT","Nicholas","Latifi","Canadian"
850,211,"51","FIT","Pietro","Fittipaldi","Brazilian"
851,211,"89","AIT","Jack","Aitken","British"
852,213,"22","TSU","Yuki","Tsunoda","Japanese"
853,214,"9","MAZ","Nikita","Mazepin","Russian"
854,1,"47","MSC","Mick","Schumacher","German"
